"regiao","unidade_de_medida","periodo","ano","mes","carga_de_energia"
"NORDESTE","GWh","anual",1996,NA,42333.2
"NORDESTE","GWh","anual",1997,NA,45361.7
"NORDESTE","GWh","anual",1998,NA,48991.7
"NORDESTE","GWh","anual",1999,NA,49847.8
"NORDESTE","GWh","anual",2000,NA,51638.4
"NORDESTE","GWh","anual",2001,NA,46341
"NORDESTE","GWh","anual",2002,NA,49286.1
"NORDESTE","GWh","anual",2003,NA,52922.8
"NORDESTE","GWh","anual",2004,NA,54937.5
"NORDESTE","GWh","anual",2005,NA,58646.95
"NORDESTE","GWh","anual",2006,NA,60559
"NORDESTE","GWh","anual",2007,NA,63480.58
"NORDESTE","GWh","anual",2008,NA,65725.34
"NORDESTE","GWh","anual",2009,NA,65859.58
"NORDESTE","GWh","anual",2010,NA,71396.87
"NORDESTE","GWh","anual",2011,NA,71614.42
"NORDESTE","GWh","anual",2012,NA,76666.51
"NORDESTE","GWh","anual",2013,NA,81340.65
"NORDESTE","GWh","anual",2014,NA,83810.88
"NORDESTE","GWh","anual",2015,NA,85434.94
"NORDESTE","GWh","anual",2016,NA,21810.41
"NORDESTE","GWh","anual",2015,NA,85874.48
"NORDESTE","GWh","anual",2016,NA,58001.76
"NORDESTE","GWh","mensal",1,1,4249.78
"NORDESTE","GWh","mensal",1,2,4068.11
"NORDESTE","GWh","mensal",1,3,4366.82
"NORDESTE","GWh","mensal",1,4,4178.92
"NORDESTE","GWh","mensal",1,5,4360.94
"NORDESTE","GWh","mensal",1,6,4102.45
"NORDESTE","GWh","mensal",1,7,4190.99
"NORDESTE","GWh","mensal",1,8,4303.27
"NORDESTE","GWh","mensal",1,9,4235.05
"NORDESTE","GWh","mensal",1,10,4568.76
"NORDESTE","GWh","mensal",1,11,4479.31
"NORDESTE","GWh","mensal",1,12,4533.52
"NORDESTE","GWh","mensal",1,1,4537.22
"NORDESTE","GWh","mensal",1,2,4202.03
"NORDESTE","GWh","mensal",1,3,4602.65
"NORDESTE","GWh","mensal",1,4,4299.09
"NORDESTE","GWh","mensal",1,5,4376.16
"NORDESTE","GWh","mensal",1,6,3273.67
"NORDESTE","GWh","mensal",1,7,3327.37
"NORDESTE","GWh","mensal",1,8,3419.52
"NORDESTE","GWh","mensal",1,9,3422.07
"NORDESTE","GWh","mensal",1,10,3625.36
"NORDESTE","GWh","mensal",1,11,3566.12
"NORDESTE","GWh","mensal",1,12,3689.69
"NORDESTE","GWh","mensal",1,1,3659.04
"NORDESTE","GWh","mensal",1,2,3531.69
"NORDESTE","GWh","mensal",1,3,4001.28
"NORDESTE","GWh","mensal",1,4,4008.98
"NORDESTE","GWh","mensal",1,5,4101.64
"NORDESTE","GWh","mensal",1,6,3905.9
"NORDESTE","GWh","mensal",1,7,4134.82
"NORDESTE","GWh","mensal",1,8,4216.29
"NORDESTE","GWh","mensal",1,9,4210.47
"NORDESTE","GWh","mensal",1,10,4521.88
"NORDESTE","GWh","mensal",1,11,4455.61
"NORDESTE","GWh","mensal",1,12,4538.48
"NORDESTE","GWh","mensal",1,1,4577.36
"NORDESTE","GWh","mensal",1,2,4017.9
"NORDESTE","GWh","mensal",1,3,4340
"NORDESTE","GWh","mensal",1,4,4311.35
"NORDESTE","GWh","mensal",1,5,4404.2
"NORDESTE","GWh","mensal",1,6,4128.84
"NORDESTE","GWh","mensal",1,7,4302.95
"NORDESTE","GWh","mensal",1,8,4406.51
"NORDESTE","GWh","mensal",1,9,4430.42
"NORDESTE","GWh","mensal",1,10,4705.09
"NORDESTE","GWh","mensal",1,11,4545.17
"NORDESTE","GWh","mensal",1,12,4752.98
"NORDESTE","GWh","mensal",1,1,4445.5
"NORDESTE","GWh","mensal",1,2,3997.42
"NORDESTE","GWh","mensal",1,3,4612.51
"NORDESTE","GWh","mensal",1,4,4471.03
"NORDESTE","GWh","mensal",1,5,4589.69
"NORDESTE","GWh","mensal",1,6,4320.42
"NORDESTE","GWh","mensal",1,7,4492.09
"NORDESTE","GWh","mensal",1,8,4629.64
"NORDESTE","GWh","mensal",1,9,4638.36
"NORDESTE","GWh","mensal",1,10,4909.75
"NORDESTE","GWh","mensal",1,11,4820.44
"NORDESTE","GWh","mensal",1,12,5010.68
"NORDESTE","GWh","mensal",1,1,4985.56
"NORDESTE","GWh","mensal",1,2,4486.37
"NORDESTE","GWh","mensal",1,3,5039.89
"NORDESTE","GWh","mensal",1,4,4846.72
"NORDESTE","GWh","mensal",1,5,4874.16
"NORDESTE","GWh","mensal",1,6,4601.83
"NORDESTE","GWh","mensal",1,7,4768.39
"NORDESTE","GWh","mensal",1,8,4889.19
"NORDESTE","GWh","mensal",1,9,4894.09
"NORDESTE","GWh","mensal",1,10,5121.63
"NORDESTE","GWh","mensal",1,11,5017.05
"NORDESTE","GWh","mensal",1,12,5122.11
"NORDESTE","GWh","mensal",1,1,5157.8
"NORDESTE","GWh","mensal",1,2,4725.05
"NORDESTE","GWh","mensal",1,3,5196.05
"NORDESTE","GWh","mensal",1,4,4837.1
"NORDESTE","GWh","mensal",1,5,4942.47
"NORDESTE","GWh","mensal",1,6,4699.02
"NORDESTE","GWh","mensal",1,7,4868.48
"NORDESTE","GWh","mensal",1,8,5081.15
"NORDESTE","GWh","mensal",1,9,5055.84
"NORDESTE","GWh","mensal",1,10,5362.42
"NORDESTE","GWh","mensal",1,11,5211.45
"NORDESTE","GWh","mensal",1,12,5421.68
"NORDESTE","GWh","mensal",1,1,5543.19
"NORDESTE","GWh","mensal",1,2,4772.45
"NORDESTE","GWh","mensal",1,3,5332.18
"NORDESTE","GWh","mensal",1,4,5133.59
"NORDESTE","GWh","mensal",1,5,5249.14
"NORDESTE","GWh","mensal",1,6,5006.46
"NORDESTE","GWh","mensal",1,7,5229
"NORDESTE","GWh","mensal",1,8,5250.16
"NORDESTE","GWh","mensal",1,9,5219.51
"NORDESTE","GWh","mensal",1,10,5609.97
"NORDESTE","GWh","mensal",1,11,5549.17
"NORDESTE","GWh","mensal",1,12,5585.77
"NORDESTE","GWh","mensal",1,1,5561.47
"NORDESTE","GWh","mensal",1,2,5234.67
"NORDESTE","GWh","mensal",1,3,5501.83
"NORDESTE","GWh","mensal",1,4,5387.2
"NORDESTE","GWh","mensal",1,5,5559.64
"NORDESTE","GWh","mensal",1,6,5204.05
"NORDESTE","GWh","mensal",1,7,5327.68
"NORDESTE","GWh","mensal",1,8,5485.14
"NORDESTE","GWh","mensal",1,9,5517.43
"NORDESTE","GWh","mensal",1,10,5814.3
"NORDESTE","GWh","mensal",1,11,5649.4
"NORDESTE","GWh","mensal",1,12,5482.52
"NORDESTE","GWh","mensal",1,1,5438.29
"NORDESTE","GWh","mensal",1,2,4967.92
"NORDESTE","GWh","mensal",1,3,5674.5
"NORDESTE","GWh","mensal",1,4,5302.38
"NORDESTE","GWh","mensal",1,5,5310.78
"NORDESTE","GWh","mensal",1,6,5119.78
"NORDESTE","GWh","mensal",1,7,5377.48
"NORDESTE","GWh","mensal",1,8,5463.31
"NORDESTE","GWh","mensal",1,9,5586.54
"NORDESTE","GWh","mensal",1,10,5914.32
"NORDESTE","GWh","mensal",1,11,5741.37
"NORDESTE","GWh","mensal",1,12,5962.9
"NORDESTE","GWh","mensal",1,1,5942.05
"NORDESTE","GWh","mensal",1,2,5588.77
"NORDESTE","GWh","mensal",1,3,6394.07
"NORDESTE","GWh","mensal",1,4,5896.5
"NORDESTE","GWh","mensal",1,5,6195.41
"NORDESTE","GWh","mensal",1,6,5776.96
"NORDESTE","GWh","mensal",1,7,5843.81
"NORDESTE","GWh","mensal",1,8,5761.17
"NORDESTE","GWh","mensal",1,9,5761
"NORDESTE","GWh","mensal",1,10,6220.01
"NORDESTE","GWh","mensal",1,11,5991.67
"NORDESTE","GWh","mensal",1,12,6025.44
"NORDESTE","GWh","mensal",1,1,5932.63
"NORDESTE","GWh","mensal",1,2,5443.18
"NORDESTE","GWh","mensal",1,3,6169.06
"NORDESTE","GWh","mensal",1,4,5906.3
"NORDESTE","GWh","mensal",1,5,5953.96
"NORDESTE","GWh","mensal",1,6,5705.52
"NORDESTE","GWh","mensal",1,7,5852.48
"NORDESTE","GWh","mensal",1,8,6055.4
"NORDESTE","GWh","mensal",1,9,5961.23
"NORDESTE","GWh","mensal",1,10,6237.8
"NORDESTE","GWh","mensal",1,11,6054.3
"NORDESTE","GWh","mensal",1,12,6342.56
"NORDESTE","GWh","mensal",1,1,6412.5
"NORDESTE","GWh","mensal",1,2,5948.71
"NORDESTE","GWh","mensal",1,3,6629.52
"NORDESTE","GWh","mensal",1,4,6385.31
"NORDESTE","GWh","mensal",1,5,6514.55
"NORDESTE","GWh","mensal",1,6,6118.19
"NORDESTE","GWh","mensal",1,7,6258.64
"NORDESTE","GWh","mensal",1,8,6301.81
"NORDESTE","GWh","mensal",1,9,6296.97
"NORDESTE","GWh","mensal",1,10,6508.28
"NORDESTE","GWh","mensal",1,11,6491.89
"NORDESTE","GWh","mensal",1,12,6820.81
"NORDESTE","GWh","mensal",1,1,6842.44
"NORDESTE","GWh","mensal",1,2,6257.98
"NORDESTE","GWh","mensal",1,3,7124.19
"NORDESTE","GWh","mensal",1,4,6910.38
"NORDESTE","GWh","mensal",1,5,6782.41
"NORDESTE","GWh","mensal",1,6,6446.37
"NORDESTE","GWh","mensal",1,7,6630.85
"NORDESTE","GWh","mensal",1,8,6685.37
"NORDESTE","GWh","mensal",1,9,6653.24
"NORDESTE","GWh","mensal",1,10,7081.63
"NORDESTE","GWh","mensal",1,11,6842.52
"NORDESTE","GWh","mensal",1,12,7083.26
"NORDESTE","GWh","mensal",1,1,7222.01
"NORDESTE","GWh","mensal",1,2,6583.1
"NORDESTE","GWh","mensal",1,3,7225.65
"NORDESTE","GWh","mensal",1,4,7035.96
"NORDESTE","GWh","mensal",1,5,7087.36
"NORDESTE","GWh","mensal",1,6,6581.91
"NORDESTE","GWh","mensal",1,7,6850.3
"NORDESTE","GWh","mensal",1,8,6859.59
"NORDESTE","GWh","mensal",1,9,6905.31
"NORDESTE","GWh","mensal",1,10,7212.34
"NORDESTE","GWh","mensal",1,11,7064.37
"NORDESTE","GWh","mensal",1,12,7182.97
"NORDESTE","GWh","mensal",1,1,7420.34
"NORDESTE","GWh","mensal",1,2,6698.84
"NORDESTE","GWh","mensal",1,3,7465.91
"NORDESTE","GWh","mensal",1,4,7233.98
"NORDESTE","GWh","mensal",1,5,7259.98
"NORDESTE","GWh","mensal",1,6,6767.43
"NORDESTE","GWh","mensal",1,7,6752.51
"NORDESTE","GWh","mensal",1,8,6806.91
"NORDESTE","GWh","mensal",1,9,6893.9
"NORDESTE","GWh","mensal",1,10,7315.42
"NORDESTE","GWh","mensal",1,11,7331.53
"NORDESTE","GWh","mensal",1,12,7488.2
"NORDESTE","GWh","mensal",1,1,7147.34
"NORDESTE","GWh","mensal",1,2,6935.21
"NORDESTE","GWh","mensal",1,3,7740
"NORDESTE","GWh","mensal",1,4,7292.11
"NORDESTE","GWh","mensal",1,5,7500.48
"NORDESTE","GWh","mensal",1,6,7080.38
"NORDESTE","GWh","mensal",1,7,7120.83
"NORDESTE","GWh","mensal",1,8,7185.41
"NORDESTE","GWh","mensal",1,9,0
"NORDESTE","GWh","mensal",1,10,0
"NORDESTE","GWh","mensal",1,11,0
"NORDESTE","GWh","mensal",1,12,0
"NORDESTE","Mwmed","anual",1996,NA,4819.4
"NORDESTE","Mwmed","anual",1997,NA,5178.3
"NORDESTE","Mwmed","anual",1998,NA,5592.7
"NORDESTE","Mwmed","anual",1999,NA,5690.4
"NORDESTE","Mwmed","anual",2000,NA,5878.7
"NORDESTE","Mwmed","anual",2001,NA,5295.1
"NORDESTE","Mwmed","anual",2002,NA,5624.7
"NORDESTE","Mwmed","anual",2003,NA,6040.9
"NORDESTE","Mwmed","anual",2004,NA,6269.5
"NORDESTE","Mwmed","anual",2005,NA,6694.95
"NORDESTE","Mwmed","anual",2006,NA,6913.64
"NORDESTE","Mwmed","anual",2007,NA,7245.58
"NORDESTE","Mwmed","anual",2008,NA,7483.35
"NORDESTE","Mwmed","anual",2009,NA,7517.55
"NORDESTE","Mwmed","anual",2010,NA,8151.4
"NORDESTE","Mwmed","anual",2011,NA,8174.8
"NORDESTE","Mwmed","anual",2012,NA,8728.57
"NORDESTE","Mwmed","anual",2013,NA,9284.94
"NORDESTE","Mwmed","anual",2014,NA,9567.45
"NORDESTE","Mwmed","anual",2015,NA,9752.85
"NORDESTE","Mwmed","anual",2016,NA,9981.88
"NORDESTE","Mwmed","anual",2015,NA,9803.02
"NORDESTE","Mwmed","anual",2016,NA,9902.98
"NORDESTE","Mwmed","mensal",1,1,5712.07
"NORDESTE","Mwmed","mensal",1,2,5836.6
"NORDESTE","Mwmed","mensal",1,3,5869.38
"NORDESTE","Mwmed","mensal",1,4,5804.05
"NORDESTE","Mwmed","mensal",1,5,5861.48
"NORDESTE","Mwmed","mensal",1,6,5697.85
"NORDESTE","Mwmed","mensal",1,7,5633.05
"NORDESTE","Mwmed","mensal",1,8,5783.96
"NORDESTE","Mwmed","mensal",1,9,5882.01
"NORDESTE","Mwmed","mensal",1,10,6149.07
"NORDESTE","Mwmed","mensal",1,11,6221.26
"NORDESTE","Mwmed","mensal",1,12,6093.44
"NORDESTE","Mwmed","mensal",1,1,6098.42
"NORDESTE","Mwmed","mensal",1,2,6243.73
"NORDESTE","Mwmed","mensal",1,3,6186.36
"NORDESTE","Mwmed","mensal",1,4,5970.96
"NORDESTE","Mwmed","mensal",1,5,5881.94
"NORDESTE","Mwmed","mensal",1,6,4546.77
"NORDESTE","Mwmed","mensal",1,7,4472.27
"NORDESTE","Mwmed","mensal",1,8,4596.13
"NORDESTE","Mwmed","mensal",1,9,4752.88
"NORDESTE","Mwmed","mensal",1,10,4879.36
"NORDESTE","Mwmed","mensal",1,11,4952.95
"NORDESTE","Mwmed","mensal",1,12,4959.26
"NORDESTE","Mwmed","mensal",1,1,4918.07
"NORDESTE","Mwmed","mensal",1,2,5247.68
"NORDESTE","Mwmed","mensal",1,3,5378.06
"NORDESTE","Mwmed","mensal",1,4,5568.03
"NORDESTE","Mwmed","mensal",1,5,5512.96
"NORDESTE","Mwmed","mensal",1,6,5424.86
"NORDESTE","Mwmed","mensal",1,7,5557.56
"NORDESTE","Mwmed","mensal",1,8,5667.05
"NORDESTE","Mwmed","mensal",1,9,5847.87
"NORDESTE","Mwmed","mensal",1,10,6085.98
"NORDESTE","Mwmed","mensal",1,11,6188.35
"NORDESTE","Mwmed","mensal",1,12,6100.11
"NORDESTE","Mwmed","mensal",1,1,6152.37
"NORDESTE","Mwmed","mensal",1,2,5970.13
"NORDESTE","Mwmed","mensal",1,3,5833.34
"NORDESTE","Mwmed","mensal",1,4,5987.99
"NORDESTE","Mwmed","mensal",1,5,5919.62
"NORDESTE","Mwmed","mensal",1,6,5734.5
"NORDESTE","Mwmed","mensal",1,7,5783.53
"NORDESTE","Mwmed","mensal",1,8,5922.73
"NORDESTE","Mwmed","mensal",1,9,6153.36
"NORDESTE","Mwmed","mensal",1,10,6332.56
"NORDESTE","Mwmed","mensal",1,11,6312.73
"NORDESTE","Mwmed","mensal",1,12,6388.42
"NORDESTE","Mwmed","mensal",1,1,5975.14
"NORDESTE","Mwmed","mensal",1,2,5939.7
"NORDESTE","Mwmed","mensal",1,3,6199.61
"NORDESTE","Mwmed","mensal",1,4,6209.77
"NORDESTE","Mwmed","mensal",1,5,6168.94
"NORDESTE","Mwmed","mensal",1,6,6000.59
"NORDESTE","Mwmed","mensal",1,7,6037.75
"NORDESTE","Mwmed","mensal",1,8,6222.63
"NORDESTE","Mwmed","mensal",1,9,6442.17
"NORDESTE","Mwmed","mensal",1,10,6599.13
"NORDESTE","Mwmed","mensal",1,11,6704.37
"NORDESTE","Mwmed","mensal",1,12,6734.78
"NORDESTE","Mwmed","mensal",1,1,6701.02
"NORDESTE","Mwmed","mensal",1,2,6666.22
"NORDESTE","Mwmed","mensal",1,3,6774.05
"NORDESTE","Mwmed","mensal",1,4,6731.56
"NORDESTE","Mwmed","mensal",1,5,6551.29
"NORDESTE","Mwmed","mensal",1,6,6391.43
"NORDESTE","Mwmed","mensal",1,7,6409.13
"NORDESTE","Mwmed","mensal",1,8,6571.49
"NORDESTE","Mwmed","mensal",1,9,6797.35
"NORDESTE","Mwmed","mensal",1,10,6893.17
"NORDESTE","Mwmed","mensal",1,11,6968.13
"NORDESTE","Mwmed","mensal",1,12,6884.55
"NORDESTE","Mwmed","mensal",1,1,6932.53
"NORDESTE","Mwmed","mensal",1,2,7020.88
"NORDESTE","Mwmed","mensal",1,3,6983.94
"NORDESTE","Mwmed","mensal",1,4,6718.19
"NORDESTE","Mwmed","mensal",1,5,6643.1
"NORDESTE","Mwmed","mensal",1,6,6526.42
"NORDESTE","Mwmed","mensal",1,7,6543.65
"NORDESTE","Mwmed","mensal",1,8,6829.5
"NORDESTE","Mwmed","mensal",1,9,7022
"NORDESTE","Mwmed","mensal",1,10,7207.56
"NORDESTE","Mwmed","mensal",1,11,7248.19
"NORDESTE","Mwmed","mensal",1,12,7287.21
"NORDESTE","Mwmed","mensal",1,1,7450.52
"NORDESTE","Mwmed","mensal",1,2,7091.31
"NORDESTE","Mwmed","mensal",1,3,7166.91
"NORDESTE","Mwmed","mensal",1,4,7129.98
"NORDESTE","Mwmed","mensal",1,5,7055.29
"NORDESTE","Mwmed","mensal",1,6,6953.42
"NORDESTE","Mwmed","mensal",1,7,7028.23
"NORDESTE","Mwmed","mensal",1,8,7056.66
"NORDESTE","Mwmed","mensal",1,9,7249.32
"NORDESTE","Mwmed","mensal",1,10,7550.43
"NORDESTE","Mwmed","mensal",1,11,7707.18
"NORDESTE","Mwmed","mensal",1,12,7507.76
"NORDESTE","Mwmed","mensal",1,1,7475.09
"NORDESTE","Mwmed","mensal",1,2,7510.29
"NORDESTE","Mwmed","mensal",1,3,7394.93
"NORDESTE","Mwmed","mensal",1,4,7482.22
"NORDESTE","Mwmed","mensal",1,5,7472.64
"NORDESTE","Mwmed","mensal",1,6,7227.85
"NORDESTE","Mwmed","mensal",1,7,7160.86
"NORDESTE","Mwmed","mensal",1,8,7372.5
"NORDESTE","Mwmed","mensal",1,9,7663.1
"NORDESTE","Mwmed","mensal",1,10,7825.44
"NORDESTE","Mwmed","mensal",1,11,7846.39
"NORDESTE","Mwmed","mensal",1,12,7368.98
"NORDESTE","Mwmed","mensal",1,1,7309.53
"NORDESTE","Mwmed","mensal",1,2,7381.75
"NORDESTE","Mwmed","mensal",1,3,7627.02
"NORDESTE","Mwmed","mensal",1,4,7364.42
"NORDESTE","Mwmed","mensal",1,5,7138.15
"NORDESTE","Mwmed","mensal",1,6,7110.8
"NORDESTE","Mwmed","mensal",1,7,7227.79
"NORDESTE","Mwmed","mensal",1,8,7343.16
"NORDESTE","Mwmed","mensal",1,9,7759.09
"NORDESTE","Mwmed","mensal",1,10,7960.06
"NORDESTE","Mwmed","mensal",1,11,7974.13
"NORDESTE","Mwmed","mensal",1,12,8014.65
"NORDESTE","Mwmed","mensal",1,1,7986.63
"NORDESTE","Mwmed","mensal",1,2,8304.27
"NORDESTE","Mwmed","mensal",1,3,8594.18
"NORDESTE","Mwmed","mensal",1,4,8189.59
"NORDESTE","Mwmed","mensal",1,5,8327.16
"NORDESTE","Mwmed","mensal",1,6,8023.55
"NORDESTE","Mwmed","mensal",1,7,7854.59
"NORDESTE","Mwmed","mensal",1,8,7743.51
"NORDESTE","Mwmed","mensal",1,9,8001.39
"NORDESTE","Mwmed","mensal",1,10,8371.48
"NORDESTE","Mwmed","mensal",1,11,8321.76
"NORDESTE","Mwmed","mensal",1,12,8098.71
"NORDESTE","Mwmed","mensal",1,1,7973.96
"NORDESTE","Mwmed","mensal",1,2,8087.94
"NORDESTE","Mwmed","mensal",1,3,8291.75
"NORDESTE","Mwmed","mensal",1,4,8203.19
"NORDESTE","Mwmed","mensal",1,5,8002.64
"NORDESTE","Mwmed","mensal",1,6,7924.34
"NORDESTE","Mwmed","mensal",1,7,7866.23
"NORDESTE","Mwmed","mensal",1,8,8138.98
"NORDESTE","Mwmed","mensal",1,9,8279.48
"NORDESTE","Mwmed","mensal",1,10,8395.42
"NORDESTE","Mwmed","mensal",1,11,8408.75
"NORDESTE","Mwmed","mensal",1,12,8524.95
"NORDESTE","Mwmed","mensal",1,1,8618.95
"NORDESTE","Mwmed","mensal",1,2,8534.73
"NORDESTE","Mwmed","mensal",1,3,8910.64
"NORDESTE","Mwmed","mensal",1,4,8868.48
"NORDESTE","Mwmed","mensal",1,5,8756.12
"NORDESTE","Mwmed","mensal",1,6,8497.48
"NORDESTE","Mwmed","mensal",1,7,8412.15
"NORDESTE","Mwmed","mensal",1,8,8470.18
"NORDESTE","Mwmed","mensal",1,9,8745.79
"NORDESTE","Mwmed","mensal",1,10,8759.46
"NORDESTE","Mwmed","mensal",1,11,9016.51
"NORDESTE","Mwmed","mensal",1,12,9180.09
"NORDESTE","Mwmed","mensal",1,1,9196.83
"NORDESTE","Mwmed","mensal",1,2,9298.63
"NORDESTE","Mwmed","mensal",1,3,9575.53
"NORDESTE","Mwmed","mensal",1,4,9597.74
"NORDESTE","Mwmed","mensal",1,5,9116.14
"NORDESTE","Mwmed","mensal",1,6,8953.3
"NORDESTE","Mwmed","mensal",1,7,8912.43
"NORDESTE","Mwmed","mensal",1,8,8985.72
"NORDESTE","Mwmed","mensal",1,9,9240.61
"NORDESTE","Mwmed","mensal",1,10,9518.32
"NORDESTE","Mwmed","mensal",1,11,9503.5
"NORDESTE","Mwmed","mensal",1,12,9520.51
"NORDESTE","Mwmed","mensal",1,1,9707.01
"NORDESTE","Mwmed","mensal",1,2,9781.73
"NORDESTE","Mwmed","mensal",1,3,9711.9
"NORDESTE","Mwmed","mensal",1,4,9772.16
"NORDESTE","Mwmed","mensal",1,5,9526.03
"NORDESTE","Mwmed","mensal",1,6,9141.54
"NORDESTE","Mwmed","mensal",1,7,9207.4
"NORDESTE","Mwmed","mensal",1,8,9219.88
"NORDESTE","Mwmed","mensal",1,9,9590.7
"NORDESTE","Mwmed","mensal",1,10,9707.05
"NORDESTE","Mwmed","mensal",1,11,9811.62
"NORDESTE","Mwmed","mensal",1,12,9654.53
"NORDESTE","Mwmed","mensal",1,1,9973.58
"NORDESTE","Mwmed","mensal",1,2,9953.7
"NORDESTE","Mwmed","mensal",1,3,10034.82
"NORDESTE","Mwmed","mensal",1,4,10047.19
"NORDESTE","Mwmed","mensal",1,5,9758.03
"NORDESTE","Mwmed","mensal",1,6,9399.21
"NORDESTE","Mwmed","mensal",1,7,9075.95
"NORDESTE","Mwmed","mensal",1,8,9149.08
"NORDESTE","Mwmed","mensal",1,9,9574.86
"NORDESTE","Mwmed","mensal",1,10,9845.79
"NORDESTE","Mwmed","mensal",1,11,10182.68
"NORDESTE","Mwmed","mensal",1,12,10064.79
"NORDESTE","Mwmed","mensal",1,1,9606.64
"NORDESTE","Mwmed","mensal",1,2,9950.09
"NORDESTE","Mwmed","mensal",1,3,10403.23
"NORDESTE","Mwmed","mensal",1,4,10127.93
"NORDESTE","Mwmed","mensal",1,5,10081.29
"NORDESTE","Mwmed","mensal",1,6,9833.86
"NORDESTE","Mwmed","mensal",1,7,9571.01
"NORDESTE","Mwmed","mensal",1,8,9657.81
"NORDESTE","Mwmed","mensal",1,9,0
"NORDESTE","Mwmed","mensal",1,10,0
"NORDESTE","Mwmed","mensal",1,11,0
"NORDESTE","Mwmed","mensal",1,12,0
"NORTE","GWh","anual",1996,NA,19843.5
"NORTE","GWh","anual",1997,NA,20144.9
"NORTE","GWh","anual",1998,NA,20849.7
"NORTE","GWh","anual",1999,NA,21437.4
"NORTE","GWh","anual",2000,NA,21844.2
"NORTE","GWh","anual",2001,NA,20412
"NORTE","GWh","anual",2002,NA,22526.7
"NORTE","GWh","anual",2003,NA,24009.8
"NORTE","GWh","anual",2004,NA,26051.5
"NORTE","GWh","anual",2005,NA,27170.95
"NORTE","GWh","anual",2006,NA,29374
"NORTE","GWh","anual",2007,NA,30455.45
"NORTE","GWh","anual",2008,NA,31886.59
"NORTE","GWh","anual",2009,NA,31436.31
"NORTE","GWh","anual",2010,NA,33712.79
"NORTE","GWh","anual",2011,NA,35113.01
"NORTE","GWh","anual",2012,NA,35605.43
"NORTE","GWh","anual",2013,NA,40234.3
"NORTE","GWh","anual",2014,NA,45001.55
"NORTE","GWh","anual",2015,NA,45761.51
"NORTE","GWh","anual",2016,NA,11416.09
"NORTE","GWh","anual",2015,NA,45733.96
"NORTE","GWh","anual",2016,NA,30925.65
"NORTE","GWh","mensal",1,1,1783.84
"NORTE","GWh","mensal",1,2,1679.09
"NORTE","GWh","mensal",1,3,1791.53
"NORTE","GWh","mensal",1,4,1740.65
"NORTE","GWh","mensal",1,5,1831.58
"NORTE","GWh","mensal",1,6,1790.83
"NORTE","GWh","mensal",1,7,1816.61
"NORTE","GWh","mensal",1,8,1907.97
"NORTE","GWh","mensal",1,9,1862.34
"NORTE","GWh","mensal",1,10,1906.03
"NORTE","GWh","mensal",1,11,1844.83
"NORTE","GWh","mensal",1,12,1889.87
"NORTE","GWh","mensal",1,1,1876.26
"NORTE","GWh","mensal",1,2,1688.05
"NORTE","GWh","mensal",1,3,1877.34
"NORTE","GWh","mensal",1,4,1831.21
"NORTE","GWh","mensal",1,5,1939.75
"NORTE","GWh","mensal",1,6,1828.33
"NORTE","GWh","mensal",1,7,1653.37
"NORTE","GWh","mensal",1,8,1600.08
"NORTE","GWh","mensal",1,9,1487.09
"NORTE","GWh","mensal",1,10,1558.64
"NORTE","GWh","mensal",1,11,1500.7
"NORTE","GWh","mensal",1,12,1571.23
"NORTE","GWh","mensal",1,1,1735.4
"NORTE","GWh","mensal",1,2,1690.29
"NORTE","GWh","mensal",1,3,1886.84
"NORTE","GWh","mensal",1,4,1860.15
"NORTE","GWh","mensal",1,5,1917.71
"NORTE","GWh","mensal",1,6,1864.99
"NORTE","GWh","mensal",1,7,1946.62
"NORTE","GWh","mensal",1,8,1968.94
"NORTE","GWh","mensal",1,9,1876.11
"NORTE","GWh","mensal",1,10,1948.31
"NORTE","GWh","mensal",1,11,1905.57
"NORTE","GWh","mensal",1,12,1925.76
"NORTE","GWh","mensal",1,1,1942.78
"NORTE","GWh","mensal",1,2,1797.56
"NORTE","GWh","mensal",1,3,2018.28
"NORTE","GWh","mensal",1,4,1997.6
"NORTE","GWh","mensal",1,5,2118.15
"NORTE","GWh","mensal",1,6,2061.21
"NORTE","GWh","mensal",1,7,2042.93
"NORTE","GWh","mensal",1,8,1941.9
"NORTE","GWh","mensal",1,9,1919.57
"NORTE","GWh","mensal",1,10,1996.36
"NORTE","GWh","mensal",1,11,2068.42
"NORTE","GWh","mensal",1,12,2105
"NORTE","GWh","mensal",1,1,2133.03
"NORTE","GWh","mensal",1,2,1915.53
"NORTE","GWh","mensal",1,3,2174.4
"NORTE","GWh","mensal",1,4,2105.81
"NORTE","GWh","mensal",1,5,2223.69
"NORTE","GWh","mensal",1,6,2158.27
"NORTE","GWh","mensal",1,7,2225.66
"NORTE","GWh","mensal",1,8,2243.03
"NORTE","GWh","mensal",1,9,2190.84
"NORTE","GWh","mensal",1,10,2256.77
"NORTE","GWh","mensal",1,11,2176.05
"NORTE","GWh","mensal",1,12,2248.38
"NORTE","GWh","mensal",1,1,2218.79
"NORTE","GWh","mensal",1,2,2012.97
"NORTE","GWh","mensal",1,3,2262.68
"NORTE","GWh","mensal",1,4,2191.03
"NORTE","GWh","mensal",1,5,2315.42
"NORTE","GWh","mensal",1,6,2251.2
"NORTE","GWh","mensal",1,7,2251.9
"NORTE","GWh","mensal",1,8,2331.85
"NORTE","GWh","mensal",1,9,2282.17
"NORTE","GWh","mensal",1,10,2351.62
"NORTE","GWh","mensal",1,11,2309.05
"NORTE","GWh","mensal",1,12,2392.25
"NORTE","GWh","mensal",1,1,2412.05
"NORTE","GWh","mensal",1,2,2211.18
"NORTE","GWh","mensal",1,3,2459.29
"NORTE","GWh","mensal",1,4,2348.7
"NORTE","GWh","mensal",1,5,2493.32
"NORTE","GWh","mensal",1,6,2445.56
"NORTE","GWh","mensal",1,7,2473.28
"NORTE","GWh","mensal",1,8,2557.57
"NORTE","GWh","mensal",1,9,2456.83
"NORTE","GWh","mensal",1,10,2544.74
"NORTE","GWh","mensal",1,11,2440.64
"NORTE","GWh","mensal",1,12,2530.75
"NORTE","GWh","mensal",1,1,2544.61
"NORTE","GWh","mensal",1,2,2229.68
"NORTE","GWh","mensal",1,3,2522.17
"NORTE","GWh","mensal",1,4,2506.41
"NORTE","GWh","mensal",1,5,2631.9
"NORTE","GWh","mensal",1,6,2489.72
"NORTE","GWh","mensal",1,7,2554.94
"NORTE","GWh","mensal",1,8,2623.46
"NORTE","GWh","mensal",1,9,2557.88
"NORTE","GWh","mensal",1,10,2650.1
"NORTE","GWh","mensal",1,11,2543.97
"NORTE","GWh","mensal",1,12,2600.59
"NORTE","GWh","mensal",1,1,2580.01
"NORTE","GWh","mensal",1,2,2462.69
"NORTE","GWh","mensal",1,3,2646.36
"NORTE","GWh","mensal",1,4,2596.23
"NORTE","GWh","mensal",1,5,2709.62
"NORTE","GWh","mensal",1,6,2616.34
"NORTE","GWh","mensal",1,7,2696.65
"NORTE","GWh","mensal",1,8,2748.03
"NORTE","GWh","mensal",1,9,2693.87
"NORTE","GWh","mensal",1,10,2785.84
"NORTE","GWh","mensal",1,11,2658.38
"NORTE","GWh","mensal",1,12,2692.56
"NORTE","GWh","mensal",1,1,2655.81
"NORTE","GWh","mensal",1,2,2344.86
"NORTE","GWh","mensal",1,3,2656.19
"NORTE","GWh","mensal",1,4,2557.9
"NORTE","GWh","mensal",1,5,2633.37
"NORTE","GWh","mensal",1,6,2608.89
"NORTE","GWh","mensal",1,7,2654.93
"NORTE","GWh","mensal",1,8,2668.85
"NORTE","GWh","mensal",1,9,2617.44
"NORTE","GWh","mensal",1,10,2685.67
"NORTE","GWh","mensal",1,11,2629.21
"NORTE","GWh","mensal",1,12,2723.2
"NORTE","GWh","mensal",1,1,2762.93
"NORTE","GWh","mensal",1,2,2561.96
"NORTE","GWh","mensal",1,3,2907.18
"NORTE","GWh","mensal",1,4,2764.48
"NORTE","GWh","mensal",1,5,2892.33
"NORTE","GWh","mensal",1,6,2730.54
"NORTE","GWh","mensal",1,7,2810.11
"NORTE","GWh","mensal",1,8,2872.79
"NORTE","GWh","mensal",1,9,2835.37
"NORTE","GWh","mensal",1,10,2899.36
"NORTE","GWh","mensal",1,11,2810
"NORTE","GWh","mensal",1,12,2865.73
"NORTE","GWh","mensal",1,1,2822.42
"NORTE","GWh","mensal",1,2,2600.42
"NORTE","GWh","mensal",1,3,2930.14
"NORTE","GWh","mensal",1,4,2905.84
"NORTE","GWh","mensal",1,5,3049.56
"NORTE","GWh","mensal",1,6,2904.56
"NORTE","GWh","mensal",1,7,2932.77
"NORTE","GWh","mensal",1,8,3034.66
"NORTE","GWh","mensal",1,9,2972.07
"NORTE","GWh","mensal",1,10,3022.67
"NORTE","GWh","mensal",1,11,2909.97
"NORTE","GWh","mensal",1,12,3026.37
"NORTE","GWh","mensal",1,1,2979.39
"NORTE","GWh","mensal",1,2,2838.55
"NORTE","GWh","mensal",1,3,3087.24
"NORTE","GWh","mensal",1,4,3016.48
"NORTE","GWh","mensal",1,5,3062.65
"NORTE","GWh","mensal",1,6,2832.47
"NORTE","GWh","mensal",1,7,2922.37
"NORTE","GWh","mensal",1,8,3009.41
"NORTE","GWh","mensal",1,9,2974.31
"NORTE","GWh","mensal",1,10,3050.55
"NORTE","GWh","mensal",1,11,2910.03
"NORTE","GWh","mensal",1,12,2939.2
"NORTE","GWh","mensal",1,1,2943.24
"NORTE","GWh","mensal",1,2,2738.14
"NORTE","GWh","mensal",1,3,3138.56
"NORTE","GWh","mensal",1,4,3056.3
"NORTE","GWh","mensal",1,5,3136.56
"NORTE","GWh","mensal",1,6,2892.49
"NORTE","GWh","mensal",1,7,3447.9
"NORTE","GWh","mensal",1,8,3853.22
"NORTE","GWh","mensal",1,9,3735.81
"NORTE","GWh","mensal",1,10,3824.93
"NORTE","GWh","mensal",1,11,3627.91
"NORTE","GWh","mensal",1,12,3839.24
"NORTE","GWh","mensal",1,1,3856.09
"NORTE","GWh","mensal",1,2,3498.39
"NORTE","GWh","mensal",1,3,3861.52
"NORTE","GWh","mensal",1,4,3761.69
"NORTE","GWh","mensal",1,5,3815.19
"NORTE","GWh","mensal",1,6,3589.05
"NORTE","GWh","mensal",1,7,3716.3
"NORTE","GWh","mensal",1,8,3806.76
"NORTE","GWh","mensal",1,9,3811.9
"NORTE","GWh","mensal",1,10,3804.81
"NORTE","GWh","mensal",1,11,3708.84
"NORTE","GWh","mensal",1,12,3771.01
"NORTE","GWh","mensal",1,1,3714.58
"NORTE","GWh","mensal",1,2,3392.47
"NORTE","GWh","mensal",1,3,3791.5
"NORTE","GWh","mensal",1,4,3716.4
"NORTE","GWh","mensal",1,5,3809.92
"NORTE","GWh","mensal",1,6,3662.28
"NORTE","GWh","mensal",1,7,3735.03
"NORTE","GWh","mensal",1,8,3895.95
"NORTE","GWh","mensal",1,9,3993.86
"NORTE","GWh","mensal",1,10,4115.16
"NORTE","GWh","mensal",1,11,3930.92
"NORTE","GWh","mensal",1,12,4003.43
"NORTE","GWh","mensal",1,1,3825.89
"NORTE","GWh","mensal",1,2,3651.84
"NORTE","GWh","mensal",1,3,3938.53
"NORTE","GWh","mensal",1,4,3891.23
"NORTE","GWh","mensal",1,5,3944.54
"NORTE","GWh","mensal",1,6,3723.16
"NORTE","GWh","mensal",1,7,3874.12
"NORTE","GWh","mensal",1,8,4076.35
"NORTE","GWh","mensal",1,9,0
"NORTE","GWh","mensal",1,10,0
"NORTE","GWh","mensal",1,11,0
"NORTE","GWh","mensal",1,12,0
"NORTE","Mwmed","anual",1996,NA,2259.1
"NORTE","Mwmed","anual",1997,NA,2299.6
"NORTE","Mwmed","anual",1998,NA,2380.1
"NORTE","Mwmed","anual",1999,NA,2447.2
"NORTE","Mwmed","anual",2000,NA,2486.8
"NORTE","Mwmed","anual",2001,NA,2331.3
"NORTE","Mwmed","anual",2002,NA,2571.4
"NORTE","Mwmed","anual",2003,NA,2740.9
"NORTE","Mwmed","anual",2004,NA,2973.2
"NORTE","Mwmed","anual",2005,NA,3101.21
"NORTE","Mwmed","anual",2006,NA,3352.76
"NORTE","Mwmed","anual",2007,NA,3475.68
"NORTE","Mwmed","anual",2008,NA,3629.99
"NORTE","Mwmed","anual",2009,NA,3588.08
"NORTE","Mwmed","anual",2010,NA,3848.38
"NORTE","Mwmed","anual",2011,NA,4007.75
"NORTE","Mwmed","anual",2012,NA,4054.21
"NORTE","Mwmed","anual",2013,NA,4588.59
"NORTE","Mwmed","anual",2014,NA,5137.16
"NORTE","Mwmed","anual",2015,NA,5223.92
"NORTE","Mwmed","anual",2016,NA,5224.75
"NORTE","Mwmed","anual",2015,NA,5220.77
"NORTE","Mwmed","anual",2016,NA,5280.12
"NORTE","Mwmed","mensal",1,1,2397.64
"NORTE","Mwmed","mensal",1,2,2409.03
"NORTE","Mwmed","mensal",1,3,2407.97
"NORTE","Mwmed","mensal",1,4,2417.57
"NORTE","Mwmed","mensal",1,5,2461.8
"NORTE","Mwmed","mensal",1,6,2487.27
"NORTE","Mwmed","mensal",1,7,2441.68
"NORTE","Mwmed","mensal",1,8,2564.47
"NORTE","Mwmed","mensal",1,9,2586.58
"NORTE","Mwmed","mensal",1,10,2565.32
"NORTE","Mwmed","mensal",1,11,2562.27
"NORTE","Mwmed","mensal",1,12,2540.15
"NORTE","Mwmed","mensal",1,1,2521.86
"NORTE","Mwmed","mensal",1,2,2508.25
"NORTE","Mwmed","mensal",1,3,2523.3
"NORTE","Mwmed","mensal",1,4,2543.35
"NORTE","Mwmed","mensal",1,5,2607.19
"NORTE","Mwmed","mensal",1,6,2539.35
"NORTE","Mwmed","mensal",1,7,2222.27
"NORTE","Mwmed","mensal",1,8,2150.64
"NORTE","Mwmed","mensal",1,9,2065.4
"NORTE","Mwmed","mensal",1,10,2097.76
"NORTE","Mwmed","mensal",1,11,2084.3
"NORTE","Mwmed","mensal",1,12,2111.87
"NORTE","Mwmed","mensal",1,1,2332.53
"NORTE","Mwmed","mensal",1,2,2511.58
"NORTE","Mwmed","mensal",1,3,2536.07
"NORTE","Mwmed","mensal",1,4,2583.54
"NORTE","Mwmed","mensal",1,5,2577.57
"NORTE","Mwmed","mensal",1,6,2590.27
"NORTE","Mwmed","mensal",1,7,2616.43
"NORTE","Mwmed","mensal",1,8,2646.42
"NORTE","Mwmed","mensal",1,9,2605.71
"NORTE","Mwmed","mensal",1,10,2622.22
"NORTE","Mwmed","mensal",1,11,2646.62
"NORTE","Mwmed","mensal",1,12,2588.39
"NORTE","Mwmed","mensal",1,1,2611.27
"NORTE","Mwmed","mensal",1,2,2670.97
"NORTE","Mwmed","mensal",1,3,2712.74
"NORTE","Mwmed","mensal",1,4,2774.45
"NORTE","Mwmed","mensal",1,5,2846.97
"NORTE","Mwmed","mensal",1,6,2862.79
"NORTE","Mwmed","mensal",1,7,2745.87
"NORTE","Mwmed","mensal",1,8,2610.08
"NORTE","Mwmed","mensal",1,9,2666.07
"NORTE","Mwmed","mensal",1,10,2686.89
"NORTE","Mwmed","mensal",1,11,2872.8
"NORTE","Mwmed","mensal",1,12,2829.3
"NORTE","Mwmed","mensal",1,1,2866.97
"NORTE","Mwmed","mensal",1,2,2846.26
"NORTE","Mwmed","mensal",1,3,2922.58
"NORTE","Mwmed","mensal",1,4,2924.74
"NORTE","Mwmed","mensal",1,5,2988.83
"NORTE","Mwmed","mensal",1,6,2997.6
"NORTE","Mwmed","mensal",1,7,2991.48
"NORTE","Mwmed","mensal",1,8,3014.82
"NORTE","Mwmed","mensal",1,9,3042.84
"NORTE","Mwmed","mensal",1,10,3033.29
"NORTE","Mwmed","mensal",1,11,3026.49
"NORTE","Mwmed","mensal",1,12,3022.02
"NORTE","Mwmed","mensal",1,1,2982.25
"NORTE","Mwmed","mensal",1,2,2991.04
"NORTE","Mwmed","mensal",1,3,3041.24
"NORTE","Mwmed","mensal",1,4,3043.1
"NORTE","Mwmed","mensal",1,5,3112.13
"NORTE","Mwmed","mensal",1,6,3126.66
"NORTE","Mwmed","mensal",1,7,3026.75
"NORTE","Mwmed","mensal",1,8,3134.21
"NORTE","Mwmed","mensal",1,9,3169.68
"NORTE","Mwmed","mensal",1,10,3165.03
"NORTE","Mwmed","mensal",1,11,3207.02
"NORTE","Mwmed","mensal",1,12,3215.39
"NORTE","Mwmed","mensal",1,1,3242
"NORTE","Mwmed","mensal",1,2,3285.56
"NORTE","Mwmed","mensal",1,3,3305.5
"NORTE","Mwmed","mensal",1,4,3262.09
"NORTE","Mwmed","mensal",1,5,3351.24
"NORTE","Mwmed","mensal",1,6,3396.61
"NORTE","Mwmed","mensal",1,7,3324.3
"NORTE","Mwmed","mensal",1,8,3437.6
"NORTE","Mwmed","mensal",1,9,3412.26
"NORTE","Mwmed","mensal",1,10,3420.35
"NORTE","Mwmed","mensal",1,11,3394.49
"NORTE","Mwmed","mensal",1,12,3401.54
"NORTE","Mwmed","mensal",1,1,3420.18
"NORTE","Mwmed","mensal",1,2,3313.05
"NORTE","Mwmed","mensal",1,3,3390.02
"NORTE","Mwmed","mensal",1,4,3481.12
"NORTE","Mwmed","mensal",1,5,3537.5
"NORTE","Mwmed","mensal",1,6,3457.95
"NORTE","Mwmed","mensal",1,7,3434.06
"NORTE","Mwmed","mensal",1,8,3526.16
"NORTE","Mwmed","mensal",1,9,3552.61
"NORTE","Mwmed","mensal",1,10,3566.76
"NORTE","Mwmed","mensal",1,11,3533.29
"NORTE","Mwmed","mensal",1,12,3495.42
"NORTE","Mwmed","mensal",1,1,3467.76
"NORTE","Mwmed","mensal",1,2,3533.27
"NORTE","Mwmed","mensal",1,3,3556.94
"NORTE","Mwmed","mensal",1,4,3605.88
"NORTE","Mwmed","mensal",1,5,3641.96
"NORTE","Mwmed","mensal",1,6,3633.81
"NORTE","Mwmed","mensal",1,7,3624.53
"NORTE","Mwmed","mensal",1,8,3693.59
"NORTE","Mwmed","mensal",1,9,3741.49
"NORTE","Mwmed","mensal",1,10,3749.45
"NORTE","Mwmed","mensal",1,11,3692.19
"NORTE","Mwmed","mensal",1,12,3619.03
"NORTE","Mwmed","mensal",1,1,3569.64
"NORTE","Mwmed","mensal",1,2,3484.19
"NORTE","Mwmed","mensal",1,3,3570.15
"NORTE","Mwmed","mensal",1,4,3552.64
"NORTE","Mwmed","mensal",1,5,3539.47
"NORTE","Mwmed","mensal",1,6,3623.46
"NORTE","Mwmed","mensal",1,7,3568.45
"NORTE","Mwmed","mensal",1,8,3587.16
"NORTE","Mwmed","mensal",1,9,3635.33
"NORTE","Mwmed","mensal",1,10,3614.63
"NORTE","Mwmed","mensal",1,11,3651.68
"NORTE","Mwmed","mensal",1,12,3660.21
"NORTE","Mwmed","mensal",1,1,3713.62
"NORTE","Mwmed","mensal",1,2,3806.77
"NORTE","Mwmed","mensal",1,3,3907.5
"NORTE","Mwmed","mensal",1,4,3839.55
"NORTE","Mwmed","mensal",1,5,3887.54
"NORTE","Mwmed","mensal",1,6,3792.42
"NORTE","Mwmed","mensal",1,7,3777.03
"NORTE","Mwmed","mensal",1,8,3861.28
"NORTE","Mwmed","mensal",1,9,3938.02
"NORTE","Mwmed","mensal",1,10,3902.24
"NORTE","Mwmed","mensal",1,11,3902.78
"NORTE","Mwmed","mensal",1,12,3851.79
"NORTE","Mwmed","mensal",1,1,3793.57
"NORTE","Mwmed","mensal",1,2,3863.92
"NORTE","Mwmed","mensal",1,3,3938.36
"NORTE","Mwmed","mensal",1,4,4035.89
"NORTE","Mwmed","mensal",1,5,4098.87
"NORTE","Mwmed","mensal",1,6,4034.11
"NORTE","Mwmed","mensal",1,7,3941.9
"NORTE","Mwmed","mensal",1,8,4078.85
"NORTE","Mwmed","mensal",1,9,4127.87
"NORTE","Mwmed","mensal",1,10,4068.19
"NORTE","Mwmed","mensal",1,11,4041.62
"NORTE","Mwmed","mensal",1,12,4067.7
"NORTE","Mwmed","mensal",1,1,4004.55
"NORTE","Mwmed","mensal",1,2,4072.52
"NORTE","Mwmed","mensal",1,3,4149.51
"NORTE","Mwmed","mensal",1,4,4189.55
"NORTE","Mwmed","mensal",1,5,4116.47
"NORTE","Mwmed","mensal",1,6,3933.98
"NORTE","Mwmed","mensal",1,7,3927.91
"NORTE","Mwmed","mensal",1,8,4044.91
"NORTE","Mwmed","mensal",1,9,4130.99
"NORTE","Mwmed","mensal",1,10,4105.72
"NORTE","Mwmed","mensal",1,11,4041.71
"NORTE","Mwmed","mensal",1,12,3955.85
"NORTE","Mwmed","mensal",1,1,3955.97
"NORTE","Mwmed","mensal",1,2,4068.56
"NORTE","Mwmed","mensal",1,3,4218.49
"NORTE","Mwmed","mensal",1,4,4244.86
"NORTE","Mwmed","mensal",1,5,4215.81
"NORTE","Mwmed","mensal",1,6,4017.35
"NORTE","Mwmed","mensal",1,7,4634.27
"NORTE","Mwmed","mensal",1,8,5179.06
"NORTE","Mwmed","mensal",1,9,5188.62
"NORTE","Mwmed","mensal",1,10,5141.04
"NORTE","Mwmed","mensal",1,11,5038.77
"NORTE","Mwmed","mensal",1,12,5160.26
"NORTE","Mwmed","mensal",1,1,5182.91
"NORTE","Mwmed","mensal",1,2,5198.2
"NORTE","Mwmed","mensal",1,3,5190.22
"NORTE","Mwmed","mensal",1,4,5224.56
"NORTE","Mwmed","mensal",1,5,5127.94
"NORTE","Mwmed","mensal",1,6,4984.8
"NORTE","Mwmed","mensal",1,7,4995.03
"NORTE","Mwmed","mensal",1,8,5116.61
"NORTE","Mwmed","mensal",1,9,5294.31
"NORTE","Mwmed","mensal",1,10,5120.88
"NORTE","Mwmed","mensal",1,11,5151.17
"NORTE","Mwmed","mensal",1,12,5068.56
"NORTE","Mwmed","mensal",1,1,4992.72
"NORTE","Mwmed","mensal",1,2,5040.82
"NORTE","Mwmed","mensal",1,3,5096.1
"NORTE","Mwmed","mensal",1,4,5161.67
"NORTE","Mwmed","mensal",1,5,5120.86
"NORTE","Mwmed","mensal",1,6,5086.5
"NORTE","Mwmed","mensal",1,7,5020.2
"NORTE","Mwmed","mensal",1,8,5236.49
"NORTE","Mwmed","mensal",1,9,5547.03
"NORTE","Mwmed","mensal",1,10,5538.57
"NORTE","Mwmed","mensal",1,11,5459.61
"NORTE","Mwmed","mensal",1,12,5380.96
"NORTE","Mwmed","mensal",1,1,5142.32
"NORTE","Mwmed","mensal",1,2,5239.37
"NORTE","Mwmed","mensal",1,3,5293.72
"NORTE","Mwmed","mensal",1,4,5404.48
"NORTE","Mwmed","mensal",1,5,5301.8
"NORTE","Mwmed","mensal",1,6,5171.06
"NORTE","Mwmed","mensal",1,7,5207.16
"NORTE","Mwmed","mensal",1,8,5478.96
"NORTE","Mwmed","mensal",1,9,0
"NORTE","Mwmed","mensal",1,10,0
"NORTE","Mwmed","mensal",1,11,0
"NORTE","Mwmed","mensal",1,12,0
"SECO","GWh","anual",1996,NA,193964.2
"SECO","GWh","anual",1997,NA,205630.1
"SECO","GWh","anual",1998,NA,211997
"SECO","GWh","anual",1999,NA,216341.5
"SECO","GWh","anual",2000,NA,227046.4
"SECO","GWh","anual",2001,NA,202990.8
"SECO","GWh","anual",2002,NA,217060.2
"SECO","GWh","anual",2003,NA,229039.7
"SECO","GWh","anual",2004,NA,239365.5
"SECO","GWh","anual",2005,NA,248383.66
"SECO","GWh","anual",2006,NA,257153
"SECO","GWh","anual",2007,NA,270203.96
"SECO","GWh","anual",2008,NA,276439.69
"SECO","GWh","anual",2009,NA,272298.2
"SECO","GWh","anual",2010,NA,292790.1
"SECO","GWh","anual",2011,NA,302711.35
"SECO","GWh","anual",2012,NA,313476.35
"SECO","GWh","anual",2013,NA,314877.36
"SECO","GWh","anual",2014,NA,319725.47
"SECO","GWh","anual",2015,NA,315455.2
"SECO","GWh","anual",2016,NA,83371.13
"SECO","GWh","anual",2015,NA,315427.14
"SECO","GWh","anual",2016,NA,210573.73
"SECO","GWh","mensal",1,1,18512.86
"SECO","GWh","mensal",1,2,18094.59
"SECO","GWh","mensal",1,3,19185.84
"SECO","GWh","mensal",1,4,18463.49
"SECO","GWh","mensal",1,5,19126.31
"SECO","GWh","mensal",1,6,18457.2
"SECO","GWh","mensal",1,7,18802.46
"SECO","GWh","mensal",1,8,19327.03
"SECO","GWh","mensal",1,9,18732.04
"SECO","GWh","mensal",1,10,20097.35
"SECO","GWh","mensal",1,11,18883.38
"SECO","GWh","mensal",1,12,19354.24
"SECO","GWh","mensal",1,1,19782.77
"SECO","GWh","mensal",1,2,18504.77
"SECO","GWh","mensal",1,3,20667.24
"SECO","GWh","mensal",1,4,19568.54
"SECO","GWh","mensal",1,5,18589.75
"SECO","GWh","mensal",1,6,14697.64
"SECO","GWh","mensal",1,7,14687.99
"SECO","GWh","mensal",1,8,15096.27
"SECO","GWh","mensal",1,9,14775.99
"SECO","GWh","mensal",1,10,15483.98
"SECO","GWh","mensal",1,11,15383.35
"SECO","GWh","mensal",1,12,15752.47
"SECO","GWh","mensal",1,1,16771.65
"SECO","GWh","mensal",1,2,15557.22
"SECO","GWh","mensal",1,3,18532.32
"SECO","GWh","mensal",1,4,18496.61
"SECO","GWh","mensal",1,5,18215.54
"SECO","GWh","mensal",1,6,17523.28
"SECO","GWh","mensal",1,7,17851.52
"SECO","GWh","mensal",1,8,18557.48
"SECO","GWh","mensal",1,9,17794.81
"SECO","GWh","mensal",1,10,19894.54
"SECO","GWh","mensal",1,11,18784.89
"SECO","GWh","mensal",1,12,19080.32
"SECO","GWh","mensal",1,1,19118.9
"SECO","GWh","mensal",1,2,18515.5
"SECO","GWh","mensal",1,3,19636.58
"SECO","GWh","mensal",1,4,18894.01
"SECO","GWh","mensal",1,5,18866.96
"SECO","GWh","mensal",1,6,18237.38
"SECO","GWh","mensal",1,7,18836.32
"SECO","GWh","mensal",1,8,18946.73
"SECO","GWh","mensal",1,9,18893.76
"SECO","GWh","mensal",1,10,19957.02
"SECO","GWh","mensal",1,11,19299.33
"SECO","GWh","mensal",1,12,19837.23
"SECO","GWh","mensal",1,1,19549.29
"SECO","GWh","mensal",1,2,18680.96
"SECO","GWh","mensal",1,3,20475.5
"SECO","GWh","mensal",1,4,19672.81
"SECO","GWh","mensal",1,5,19795.11
"SECO","GWh","mensal",1,6,19136.92
"SECO","GWh","mensal",1,7,19833.33
"SECO","GWh","mensal",1,8,20220.9
"SECO","GWh","mensal",1,9,20464.08
"SECO","GWh","mensal",1,10,20662
"SECO","GWh","mensal",1,11,20269.22
"SECO","GWh","mensal",1,12,20605.41
"SECO","GWh","mensal",1,1,20705.06
"SECO","GWh","mensal",1,2,19062.42
"SECO","GWh","mensal",1,3,21821.44
"SECO","GWh","mensal",1,4,21319.96
"SECO","GWh","mensal",1,5,20722.54
"SECO","GWh","mensal",1,6,20103.19
"SECO","GWh","mensal",1,7,20249.63
"SECO","GWh","mensal",1,8,21203.4
"SECO","GWh","mensal",1,9,20334.87
"SECO","GWh","mensal",1,10,21566.21
"SECO","GWh","mensal",1,11,20345.88
"SECO","GWh","mensal",1,12,20953.87
"SECO","GWh","mensal",1,1,21881.69
"SECO","GWh","mensal",1,2,20290.89
"SECO","GWh","mensal",1,3,22800.83
"SECO","GWh","mensal",1,4,20876.26
"SECO","GWh","mensal",1,5,21107.08
"SECO","GWh","mensal",1,6,20488.45
"SECO","GWh","mensal",1,7,21358.08
"SECO","GWh","mensal",1,8,22081.76
"SECO","GWh","mensal",1,9,20938.39
"SECO","GWh","mensal",1,10,21766.02
"SECO","GWh","mensal",1,11,21448.38
"SECO","GWh","mensal",1,12,22115.73
"SECO","GWh","mensal",1,1,22290.27
"SECO","GWh","mensal",1,2,20843.31
"SECO","GWh","mensal",1,3,24314.1
"SECO","GWh","mensal",1,4,22572.04
"SECO","GWh","mensal",1,5,22231.83
"SECO","GWh","mensal",1,6,21270.59
"SECO","GWh","mensal",1,7,22002.88
"SECO","GWh","mensal",1,8,22742.29
"SECO","GWh","mensal",1,9,22439.52
"SECO","GWh","mensal",1,10,23778.88
"SECO","GWh","mensal",1,11,22500.76
"SECO","GWh","mensal",1,12,23217.5
"SECO","GWh","mensal",1,1,23205.61
"SECO","GWh","mensal",1,2,21957.74
"SECO","GWh","mensal",1,3,23959.49
"SECO","GWh","mensal",1,4,23221.82
"SECO","GWh","mensal",1,5,22939.48
"SECO","GWh","mensal",1,6,22479.27
"SECO","GWh","mensal",1,7,23313.35
"SECO","GWh","mensal",1,8,24045.75
"SECO","GWh","mensal",1,9,23102.86
"SECO","GWh","mensal",1,10,24480.05
"SECO","GWh","mensal",1,11,22273.1
"SECO","GWh","mensal",1,12,21461.15
"SECO","GWh","mensal",1,1,22005.04
"SECO","GWh","mensal",1,2,21081.68
"SECO","GWh","mensal",1,3,24014.77
"SECO","GWh","mensal",1,4,21726.75
"SECO","GWh","mensal",1,5,22156.73
"SECO","GWh","mensal",1,6,20928.18
"SECO","GWh","mensal",1,7,22401.29
"SECO","GWh","mensal",1,8,22836.92
"SECO","GWh","mensal",1,9,23028.56
"SECO","GWh","mensal",1,10,23750.14
"SECO","GWh","mensal",1,11,24219.82
"SECO","GWh","mensal",1,12,24148.34
"SECO","GWh","mensal",1,1,24979.58
"SECO","GWh","mensal",1,2,23750.3
"SECO","GWh","mensal",1,3,25958.11
"SECO","GWh","mensal",1,4,23662.14
"SECO","GWh","mensal",1,5,23983.78
"SECO","GWh","mensal",1,6,22961.73
"SECO","GWh","mensal",1,7,24130.19
"SECO","GWh","mensal",1,8,24458.44
"SECO","GWh","mensal",1,9,24504.3
"SECO","GWh","mensal",1,10,24670.02
"SECO","GWh","mensal",1,11,24068.2
"SECO","GWh","mensal",1,12,25663.29
"SECO","GWh","mensal",1,1,25942.41
"SECO","GWh","mensal",1,2,24995.51
"SECO","GWh","mensal",1,3,26011.12
"SECO","GWh","mensal",1,4,25102.9
"SECO","GWh","mensal",1,5,24773.59
"SECO","GWh","mensal",1,6,23481.02
"SECO","GWh","mensal",1,7,24624.43
"SECO","GWh","mensal",1,8,25858.74
"SECO","GWh","mensal",1,9,25079.1
"SECO","GWh","mensal",1,10,25694.56
"SECO","GWh","mensal",1,11,25014.69
"SECO","GWh","mensal",1,12,26135.13
"SECO","GWh","mensal",1,1,26183.82
"SECO","GWh","mensal",1,2,26378.72
"SECO","GWh","mensal",1,3,28387.02
"SECO","GWh","mensal",1,4,26309.42
"SECO","GWh","mensal",1,5,25476.37
"SECO","GWh","mensal",1,6,24524.89
"SECO","GWh","mensal",1,7,25114.54
"SECO","GWh","mensal",1,8,25881.91
"SECO","GWh","mensal",1,9,25541.48
"SECO","GWh","mensal",1,10,27363.92
"SECO","GWh","mensal",1,11,24951.85
"SECO","GWh","mensal",1,12,27361.36
"SECO","GWh","mensal",1,1,26946.85
"SECO","GWh","mensal",1,2,25724.76
"SECO","GWh","mensal",1,3,27980.97
"SECO","GWh","mensal",1,4,25830.9
"SECO","GWh","mensal",1,5,25825.24
"SECO","GWh","mensal",1,6,24858.86
"SECO","GWh","mensal",1,7,25481.43
"SECO","GWh","mensal",1,8,26279.65
"SECO","GWh","mensal",1,9,25915.29
"SECO","GWh","mensal",1,10,27078.71
"SECO","GWh","mensal",1,11,26249.04
"SECO","GWh","mensal",1,12,26705.67
"SECO","GWh","mensal",1,1,29477.93
"SECO","GWh","mensal",1,2,27719.56
"SECO","GWh","mensal",1,3,28909.29
"SECO","GWh","mensal",1,4,26620.3
"SECO","GWh","mensal",1,5,26101.39
"SECO","GWh","mensal",1,6,24414.17
"SECO","GWh","mensal",1,7,25224.82
"SECO","GWh","mensal",1,8,25520.62
"SECO","GWh","mensal",1,9,25803.93
"SECO","GWh","mensal",1,10,27316.13
"SECO","GWh","mensal",1,11,25913.92
"SECO","GWh","mensal",1,12,26703.41
"SECO","GWh","mensal",1,1,30210.52
"SECO","GWh","mensal",1,2,26395.01
"SECO","GWh","mensal",1,3,28493.63
"SECO","GWh","mensal",1,4,25875.5
"SECO","GWh","mensal",1,5,24833.64
"SECO","GWh","mensal",1,6,23509.64
"SECO","GWh","mensal",1,7,24564.28
"SECO","GWh","mensal",1,8,25263.84
"SECO","GWh","mensal",1,9,25590.35
"SECO","GWh","mensal",1,10,27259.31
"SECO","GWh","mensal",1,11,26186.93
"SECO","GWh","mensal",1,12,27272.56
"SECO","GWh","mensal",1,1,27205.25
"SECO","GWh","mensal",1,2,27554.5
"SECO","GWh","mensal",1,3,28624.19
"SECO","GWh","mensal",1,4,27589.89
"SECO","GWh","mensal",1,5,25304.79
"SECO","GWh","mensal",1,6,23997.36
"SECO","GWh","mensal",1,7,24731.56
"SECO","GWh","mensal",1,8,25566.19
"SECO","GWh","mensal",1,9,0
"SECO","GWh","mensal",1,10,0
"SECO","GWh","mensal",1,11,0
"SECO","GWh","mensal",1,12,0
"SECO","Mwmed","anual",1996,NA,22081.5
"SECO","Mwmed","anual",1997,NA,23473.8
"SECO","Mwmed","anual",1998,NA,24200.6
"SECO","Mwmed","anual",1999,NA,24696.5
"SECO","Mwmed","anual",2000,NA,25847.7
"SECO","Mwmed","anual",2001,NA,23198
"SECO","Mwmed","anual",2002,NA,24770.2
"SECO","Mwmed","anual",2003,NA,26157.1
"SECO","Mwmed","anual",2004,NA,27252
"SECO","Mwmed","anual",2005,NA,28355.87
"SECO","Mwmed","anual",2006,NA,29358.82
"SECO","Mwmed","anual",2007,NA,30846.14
"SECO","Mwmed","anual",2008,NA,31472.8
"SECO","Mwmed","anual",2009,NA,31087.7
"SECO","Mwmed","anual",2010,NA,33434.38
"SECO","Mwmed","anual",2011,NA,34573.49
"SECO","Mwmed","anual",2012,NA,35697.3
"SECO","Mwmed","anual",2013,NA,35956.51
"SECO","Mwmed","anual",2014,NA,36498.34
"SECO","Mwmed","anual",2015,NA,36010.87
"SECO","Mwmed","anual",2016,NA,38156.12
"SECO","Mwmed","anual",2015,NA,36007.66
"SECO","Mwmed","anual",2016,NA,35952.49
"SECO","Mwmed","mensal",1,1,24882.87
"SECO","Mwmed","mensal",1,2,25960.67
"SECO","Mwmed","mensal",1,3,25787.42
"SECO","Mwmed","mensal",1,4,25643.74
"SECO","Mwmed","mensal",1,5,25707.41
"SECO","Mwmed","mensal",1,6,25635
"SECO","Mwmed","mensal",1,7,25272.12
"SECO","Mwmed","mensal",1,8,25977.19
"SECO","Mwmed","mensal",1,9,26016.72
"SECO","Mwmed","mensal",1,10,27048.93
"SECO","Mwmed","mensal",1,11,26226.91
"SECO","Mwmed","mensal",1,12,26013.76
"SECO","Mwmed","mensal",1,1,26589.74
"SECO","Mwmed","mensal",1,2,27495.94
"SECO","Mwmed","mensal",1,3,27778.55
"SECO","Mwmed","mensal",1,4,27178.53
"SECO","Mwmed","mensal",1,5,24986.22
"SECO","Mwmed","mensal",1,6,20413.39
"SECO","Mwmed","mensal",1,7,19741.92
"SECO","Mwmed","mensal",1,8,20290.69
"SECO","Mwmed","mensal",1,9,20522.21
"SECO","Mwmed","mensal",1,10,20839.81
"SECO","Mwmed","mensal",1,11,21365.76
"SECO","Mwmed","mensal",1,12,21172.67
"SECO","Mwmed","mensal",1,1,22542.54
"SECO","Mwmed","mensal",1,2,23116.23
"SECO","Mwmed","mensal",1,3,24909.03
"SECO","Mwmed","mensal",1,4,25689.73
"SECO","Mwmed","mensal",1,5,24483.25
"SECO","Mwmed","mensal",1,6,24337.88
"SECO","Mwmed","mensal",1,7,23993.97
"SECO","Mwmed","mensal",1,8,24942.85
"SECO","Mwmed","mensal",1,9,24715.02
"SECO","Mwmed","mensal",1,10,26775.96
"SECO","Mwmed","mensal",1,11,26090.13
"SECO","Mwmed","mensal",1,12,25645.59
"SECO","Mwmed","mensal",1,1,25697.44
"SECO","Mwmed","mensal",1,2,27511.89
"SECO","Mwmed","mensal",1,3,26393.25
"SECO","Mwmed","mensal",1,4,26241.68
"SECO","Mwmed","mensal",1,5,25358.82
"SECO","Mwmed","mensal",1,6,25329.69
"SECO","Mwmed","mensal",1,7,25317.64
"SECO","Mwmed","mensal",1,8,25466.03
"SECO","Mwmed","mensal",1,9,26241.34
"SECO","Mwmed","mensal",1,10,26860.06
"SECO","Mwmed","mensal",1,11,26804.63
"SECO","Mwmed","mensal",1,12,26662.94
"SECO","Mwmed","mensal",1,1,26275.93
"SECO","Mwmed","mensal",1,2,26801.95
"SECO","Mwmed","mensal",1,3,27520.84
"SECO","Mwmed","mensal",1,4,27323.35
"SECO","Mwmed","mensal",1,5,26606.33
"SECO","Mwmed","mensal",1,6,26579.06
"SECO","Mwmed","mensal",1,7,26657.7
"SECO","Mwmed","mensal",1,8,27178.63
"SECO","Mwmed","mensal",1,9,28422.34
"SECO","Mwmed","mensal",1,10,27771.5
"SECO","Mwmed","mensal",1,11,28190.85
"SECO","Mwmed","mensal",1,12,27695.44
"SECO","Mwmed","mensal",1,1,27829.38
"SECO","Mwmed","mensal",1,2,28324.55
"SECO","Mwmed","mensal",1,3,29329.89
"SECO","Mwmed","mensal",1,4,29611.06
"SECO","Mwmed","mensal",1,5,27852.87
"SECO","Mwmed","mensal",1,6,27921.1
"SECO","Mwmed","mensal",1,7,27217.24
"SECO","Mwmed","mensal",1,8,28499.2
"SECO","Mwmed","mensal",1,9,28242.87
"SECO","Mwmed","mensal",1,10,29025.85
"SECO","Mwmed","mensal",1,11,28258.17
"SECO","Mwmed","mensal",1,12,28163.8
"SECO","Mwmed","mensal",1,1,29410.87
"SECO","Mwmed","mensal",1,2,30149.91
"SECO","Mwmed","mensal",1,3,30646.28
"SECO","Mwmed","mensal",1,4,28994.8
"SECO","Mwmed","mensal",1,5,28369.73
"SECO","Mwmed","mensal",1,6,28456.18
"SECO","Mwmed","mensal",1,7,28707.1
"SECO","Mwmed","mensal",1,8,29679.79
"SECO","Mwmed","mensal",1,9,29081.1
"SECO","Mwmed","mensal",1,10,29255.4
"SECO","Mwmed","mensal",1,11,29830.85
"SECO","Mwmed","mensal",1,12,29725.44
"SECO","Mwmed","mensal",1,1,29960.04
"SECO","Mwmed","mensal",1,2,30970.75
"SECO","Mwmed","mensal",1,3,32680.24
"SECO","Mwmed","mensal",1,4,31350.06
"SECO","Mwmed","mensal",1,5,29881.49
"SECO","Mwmed","mensal",1,6,29542.48
"SECO","Mwmed","mensal",1,7,29573.76
"SECO","Mwmed","mensal",1,8,30567.59
"SECO","Mwmed","mensal",1,9,31166
"SECO","Mwmed","mensal",1,10,32003.87
"SECO","Mwmed","mensal",1,11,31251.06
"SECO","Mwmed","mensal",1,12,31206.32
"SECO","Mwmed","mensal",1,1,31190.34
"SECO","Mwmed","mensal",1,2,31503.22
"SECO","Mwmed","mensal",1,3,32203.62
"SECO","Mwmed","mensal",1,4,32252.53
"SECO","Mwmed","mensal",1,5,30832.64
"SECO","Mwmed","mensal",1,6,31221.21
"SECO","Mwmed","mensal",1,7,31335.15
"SECO","Mwmed","mensal",1,8,32319.55
"SECO","Mwmed","mensal",1,9,32087.31
"SECO","Mwmed","mensal",1,10,32947.58
"SECO","Mwmed","mensal",1,11,30934.86
"SECO","Mwmed","mensal",1,12,28845.63
"SECO","Mwmed","mensal",1,1,29576.66
"SECO","Mwmed","mensal",1,2,31324.93
"SECO","Mwmed","mensal",1,3,32277.91
"SECO","Mwmed","mensal",1,4,30176.04
"SECO","Mwmed","mensal",1,5,29780.55
"SECO","Mwmed","mensal",1,6,29066.91
"SECO","Mwmed","mensal",1,7,30109.26
"SECO","Mwmed","mensal",1,8,30694.79
"SECO","Mwmed","mensal",1,9,31984.11
"SECO","Mwmed","mensal",1,10,31965.19
"SECO","Mwmed","mensal",1,11,33638.64
"SECO","Mwmed","mensal",1,12,32457.44
"SECO","Mwmed","mensal",1,1,33574.71
"SECO","Mwmed","mensal",1,2,35290.2
"SECO","Mwmed","mensal",1,3,34889.93
"SECO","Mwmed","mensal",1,4,32864.08
"SECO","Mwmed","mensal",1,5,32236.27
"SECO","Mwmed","mensal",1,6,31891.29
"SECO","Mwmed","mensal",1,7,32433.05
"SECO","Mwmed","mensal",1,8,32874.25
"SECO","Mwmed","mensal",1,9,34033.75
"SECO","Mwmed","mensal",1,10,33203.26
"SECO","Mwmed","mensal",1,11,33428.06
"SECO","Mwmed","mensal",1,12,34493.67
"SECO","Mwmed","mensal",1,1,34868.83
"SECO","Mwmed","mensal",1,2,37140.43
"SECO","Mwmed","mensal",1,3,34961.18
"SECO","Mwmed","mensal",1,4,34865.14
"SECO","Mwmed","mensal",1,5,33297.83
"SECO","Mwmed","mensal",1,6,32612.53
"SECO","Mwmed","mensal",1,7,33097.35
"SECO","Mwmed","mensal",1,8,34756.37
"SECO","Mwmed","mensal",1,9,34832.09
"SECO","Mwmed","mensal",1,10,34582.18
"SECO","Mwmed","mensal",1,11,34742.62
"SECO","Mwmed","mensal",1,12,35127.86
"SECO","Mwmed","mensal",1,1,35193.3
"SECO","Mwmed","mensal",1,2,37846.09
"SECO","Mwmed","mensal",1,3,38154.6
"SECO","Mwmed","mensal",1,4,36540.86
"SECO","Mwmed","mensal",1,5,34242.43
"SECO","Mwmed","mensal",1,6,34062.35
"SECO","Mwmed","mensal",1,7,33756.1
"SECO","Mwmed","mensal",1,8,34787.52
"SECO","Mwmed","mensal",1,9,35474.28
"SECO","Mwmed","mensal",1,10,36828.97
"SECO","Mwmed","mensal",1,11,34655.35
"SECO","Mwmed","mensal",1,12,36825.52
"SECO","Mwmed","mensal",1,1,36218.88
"SECO","Mwmed","mensal",1,2,38224.01
"SECO","Mwmed","mensal",1,3,37608.82
"SECO","Mwmed","mensal",1,4,35876.25
"SECO","Mwmed","mensal",1,5,34711.34
"SECO","Mwmed","mensal",1,6,34526.2
"SECO","Mwmed","mensal",1,7,34249.23
"SECO","Mwmed","mensal",1,8,35322.12
"SECO","Mwmed","mensal",1,9,35993.46
"SECO","Mwmed","mensal",1,10,36396.11
"SECO","Mwmed","mensal",1,11,36457
"SECO","Mwmed","mensal",1,12,35894.71
"SECO","Mwmed","mensal",1,1,39620.87
"SECO","Mwmed","mensal",1,2,41188.05
"SECO","Mwmed","mensal",1,3,38856.57
"SECO","Mwmed","mensal",1,4,36972.64
"SECO","Mwmed","mensal",1,5,35082.52
"SECO","Mwmed","mensal",1,6,33908.57
"SECO","Mwmed","mensal",1,7,33904.33
"SECO","Mwmed","mensal",1,8,34301.91
"SECO","Mwmed","mensal",1,9,35838.79
"SECO","Mwmed","mensal",1,10,36764.65
"SECO","Mwmed","mensal",1,11,35991.55
"SECO","Mwmed","mensal",1,12,35891.68
"SECO","Mwmed","mensal",1,1,40605.54
"SECO","Mwmed","mensal",1,2,39219.92
"SECO","Mwmed","mensal",1,3,38297.89
"SECO","Mwmed","mensal",1,4,35938.2
"SECO","Mwmed","mensal",1,5,33378.54
"SECO","Mwmed","mensal",1,6,32652.27
"SECO","Mwmed","mensal",1,7,33016.5
"SECO","Mwmed","mensal",1,8,33956.77
"SECO","Mwmed","mensal",1,9,35542.15
"SECO","Mwmed","mensal",1,10,36688.17
"SECO","Mwmed","mensal",1,11,36370.74
"SECO","Mwmed","mensal",1,12,36656.66
"SECO","Mwmed","mensal",1,1,36566.19
"SECO","Mwmed","mensal",1,2,39533
"SECO","Mwmed","mensal",1,3,38473.38
"SECO","Mwmed","mensal",1,4,38319.29
"SECO","Mwmed","mensal",1,5,34011.81
"SECO","Mwmed","mensal",1,6,33329.67
"SECO","Mwmed","mensal",1,7,33241.34
"SECO","Mwmed","mensal",1,8,34363.16
"SECO","Mwmed","mensal",1,9,0
"SECO","Mwmed","mensal",1,10,0
"SECO","Mwmed","mensal",1,11,0
"SECO","Mwmed","mensal",1,12,0
"SIN","GWh","anual",1996,NA,303712.2
"SIN","GWh","anual",1997,NA,322038.1
"SIN","GWh","anual",1998,NA,334176.3
"SIN","GWh","anual",1999,NA,343237.9
"SIN","GWh","anual",2000,NA,360168.9
"SIN","GWh","anual",2001,NA,330403.9
"SIN","GWh","anual",2002,NA,347494.6
"SIN","GWh","anual",2003,NA,365873.1
"SIN","GWh","anual",2004,NA,383919.2
"SIN","GWh","anual",2005,NA,400401.24
"SIN","GWh","anual",2006,NA,415860
"SIN","GWh","anual",2007,NA,435684.43
"SIN","GWh","anual",2008,NA,448072.86
"SIN","GWh","anual",2009,NA,443359.56
"SIN","GWh","anual",2010,NA,475103.67
"SIN","GWh","anual",2011,NA,491271.22
"SIN","GWh","anual",2012,NA,513339.35
"SIN","GWh","anual",2013,NA,526166.72
"SIN","GWh","anual",2014,NA,540899.21
"SIN","GWh","anual",2015,NA,537302.66
"SIN","GWh","anual",2016,NA,141276.68
"SIN","GWh","anual",2015,NA,537677.96
"SIN","GWh","anual",2016,NA,362341.07
"SIN","GWh","mensal",1,1,29583.04
"SIN","GWh","mensal",1,2,28702.39
"SIN","GWh","mensal",1,3,30509.88
"SIN","GWh","mensal",1,4,29257.27
"SIN","GWh","mensal",1,5,30295.38
"SIN","GWh","mensal",1,6,29204.78
"SIN","GWh","mensal",1,7,29738.94
"SIN","GWh","mensal",1,8,30567.24
"SIN","GWh","mensal",1,9,29592.65
"SIN","GWh","mensal",1,10,31623.42
"SIN","GWh","mensal",1,11,30144.24
"SIN","GWh","mensal",1,12,30936.12
"SIN","GWh","mensal",1,1,31585.98
"SIN","GWh","mensal",1,2,29444.62
"SIN","GWh","mensal",1,3,32930.59
"SIN","GWh","mensal",1,4,30878.94
"SIN","GWh","mensal",1,5,29972.74
"SIN","GWh","mensal",1,6,24489.23
"SIN","GWh","mensal",1,7,24501.73
"SIN","GWh","mensal",1,8,25147.72
"SIN","GWh","mensal",1,9,24396.74
"SIN","GWh","mensal",1,10,25678.69
"SIN","GWh","mensal",1,11,25393.83
"SIN","GWh","mensal",1,12,25983.11
"SIN","GWh","mensal",1,1,27144.36
"SIN","GWh","mensal",1,2,25364.65
"SIN","GWh","mensal",1,3,29724.91
"SIN","GWh","mensal",1,4,29337.4
"SIN","GWh","mensal",1,5,29129.92
"SIN","GWh","mensal",1,6,27993.92
"SIN","GWh","mensal",1,7,28770.63
"SIN","GWh","mensal",1,8,29628.86
"SIN","GWh","mensal",1,9,28485.42
"SIN","GWh","mensal",1,10,31421.63
"SIN","GWh","mensal",1,11,30004.12
"SIN","GWh","mensal",1,12,30488.76
"SIN","GWh","mensal",1,1,30869.35
"SIN","GWh","mensal",1,2,29284.85
"SIN","GWh","mensal",1,3,31262.71
"SIN","GWh","mensal",1,4,30101.89
"SIN","GWh","mensal",1,5,30297.75
"SIN","GWh","mensal",1,6,29159.41
"SIN","GWh","mensal",1,7,30131.46
"SIN","GWh","mensal",1,8,30180.86
"SIN","GWh","mensal",1,9,30120.38
"SIN","GWh","mensal",1,10,31773.17
"SIN","GWh","mensal",1,11,30913.89
"SIN","GWh","mensal",1,12,31777.43
"SIN","GWh","mensal",1,1,31489.03
"SIN","GWh","mensal",1,2,29747.77
"SIN","GWh","mensal",1,3,32945.83
"SIN","GWh","mensal",1,4,31592.78
"SIN","GWh","mensal",1,5,31787.27
"SIN","GWh","mensal",1,6,30693.72
"SIN","GWh","mensal",1,7,31812.19
"SIN","GWh","mensal",1,8,32385.03
"SIN","GWh","mensal",1,9,32498.75
"SIN","GWh","mensal",1,10,33079.93
"SIN","GWh","mensal",1,11,32478.67
"SIN","GWh","mensal",1,12,33408.28
"SIN","GWh","mensal",1,1,33722.22
"SIN","GWh","mensal",1,2,30971.83
"SIN","GWh","mensal",1,3,35206.36
"SIN","GWh","mensal",1,4,33903.3
"SIN","GWh","mensal",1,5,33353.77
"SIN","GWh","mensal",1,6,32281.44
"SIN","GWh","mensal",1,7,32570.36
"SIN","GWh","mensal",1,8,33845.85
"SIN","GWh","mensal",1,9,32694.79
"SIN","GWh","mensal",1,10,34485.42
"SIN","GWh","mensal",1,11,33156.03
"SIN","GWh","mensal",1,12,34215.47
"SIN","GWh","mensal",1,1,35486.04
"SIN","GWh","mensal",1,2,32799.81
"SIN","GWh","mensal",1,3,36713.42
"SIN","GWh","mensal",1,4,33576.28
"SIN","GWh","mensal",1,5,34244.54
"SIN","GWh","mensal",1,6,33164.09
"SIN","GWh","mensal",1,7,34363.48
"SIN","GWh","mensal",1,8,35479.98
"SIN","GWh","mensal",1,9,33847.68
"SIN","GWh","mensal",1,10,35448.84
"SIN","GWh","mensal",1,11,34728.92
"SIN","GWh","mensal",1,12,36006.62
"SIN","GWh","mensal",1,1,36590.42
"SIN","GWh","mensal",1,2,33585.69
"SIN","GWh","mensal",1,3,38691.68
"SIN","GWh","mensal",1,4,36099.71
"SIN","GWh","mensal",1,5,36004.88
"SIN","GWh","mensal",1,6,34410.14
"SIN","GWh","mensal",1,7,35672.29
"SIN","GWh","mensal",1,8,36594.24
"SIN","GWh","mensal",1,9,35897.48
"SIN","GWh","mensal",1,10,38095.16
"SIN","GWh","mensal",1,11,36424.4
"SIN","GWh","mensal",1,12,37618.65
"SIN","GWh","mensal",1,1,37860.46
"SIN","GWh","mensal",1,2,35930.94
"SIN","GWh","mensal",1,3,38632.24
"SIN","GWh","mensal",1,4,37352.08
"SIN","GWh","mensal",1,5,37167.15
"SIN","GWh","mensal",1,6,36260.19
"SIN","GWh","mensal",1,7,37567.8
"SIN","GWh","mensal",1,8,38409.13
"SIN","GWh","mensal",1,9,37246.67
"SIN","GWh","mensal",1,10,39278.23
"SIN","GWh","mensal",1,11,36594.86
"SIN","GWh","mensal",1,12,35773.12
"SIN","GWh","mensal",1,1,36307.74
"SIN","GWh","mensal",1,2,34406.66
"SIN","GWh","mensal",1,3,39112.5
"SIN","GWh","mensal",1,4,35734.16
"SIN","GWh","mensal",1,5,36201.22
"SIN","GWh","mensal",1,6,34605.66
"SIN","GWh","mensal",1,7,36534.17
"SIN","GWh","mensal",1,8,36909.55
"SIN","GWh","mensal",1,9,37025.88
"SIN","GWh","mensal",1,10,38431.41
"SIN","GWh","mensal",1,11,38871.71
"SIN","GWh","mensal",1,12,39218.9
"SIN","GWh","mensal",1,1,40300.76
"SIN","GWh","mensal",1,2,38379.57
"SIN","GWh","mensal",1,3,42290.46
"SIN","GWh","mensal",1,4,38530.86
"SIN","GWh","mensal",1,5,39199.79
"SIN","GWh","mensal",1,6,37565.5
"SIN","GWh","mensal",1,7,39173.21
"SIN","GWh","mensal",1,8,39487.01
"SIN","GWh","mensal",1,9,39289.79
"SIN","GWh","mensal",1,10,40134.27
"SIN","GWh","mensal",1,11,39401.42
"SIN","GWh","mensal",1,12,41351.04
"SIN","GWh","mensal",1,1,41973.24
"SIN","GWh","mensal",1,2,39748.31
"SIN","GWh","mensal",1,3,42272.7
"SIN","GWh","mensal",1,4,40334.9
"SIN","GWh","mensal",1,5,40359.61
"SIN","GWh","mensal",1,6,38493.09
"SIN","GWh","mensal",1,7,40103.95
"SIN","GWh","mensal",1,8,41871.28
"SIN","GWh","mensal",1,9,40575.2
"SIN","GWh","mensal",1,10,41843
"SIN","GWh","mensal",1,11,40884.92
"SIN","GWh","mensal",1,12,42811.7
"SIN","GWh","mensal",1,1,43144.05
"SIN","GWh","mensal",1,2,42828.12
"SIN","GWh","mensal",1,3,46018.79
"SIN","GWh","mensal",1,4,42714.11
"SIN","GWh","mensal",1,5,42271.03
"SIN","GWh","mensal",1,6,40350.9
"SIN","GWh","mensal",1,7,41349.13
"SIN","GWh","mensal",1,8,42423.06
"SIN","GWh","mensal",1,9,41610.23
"SIN","GWh","mensal",1,10,44133.73
"SIN","GWh","mensal",1,11,41776.2
"SIN","GWh","mensal",1,12,44761.59
"SIN","GWh","mensal",1,1,44540.67
"SIN","GWh","mensal",1,2,42094.54
"SIN","GWh","mensal",1,3,45799.31
"SIN","GWh","mensal",1,4,43111.3
"SIN","GWh","mensal",1,5,43016.91
"SIN","GWh","mensal",1,6,41289.04
"SIN","GWh","mensal",1,7,43114.61
"SIN","GWh","mensal",1,8,44285.42
"SIN","GWh","mensal",1,9,43411.69
"SIN","GWh","mensal",1,10,45545.87
"SIN","GWh","mensal",1,11,44292.52
"SIN","GWh","mensal",1,12,45664.84
"SIN","GWh","mensal",1,1,49287.29
"SIN","GWh","mensal",1,2,46102.49
"SIN","GWh","mensal",1,3,48036.99
"SIN","GWh","mensal",1,4,44859.75
"SIN","GWh","mensal",1,5,44408.27
"SIN","GWh","mensal",1,6,41657.02
"SIN","GWh","mensal",1,7,43241.34
"SIN","GWh","mensal",1,8,43506.12
"SIN","GWh","mensal",1,9,43649.24
"SIN","GWh","mensal",1,10,46109.54
"SIN","GWh","mensal",1,11,44420.02
"SIN","GWh","mensal",1,12,45621.15
"SIN","GWh","mensal",1,1,49968.74
"SIN","GWh","mensal",1,2,44359.24
"SIN","GWh","mensal",1,3,48342.53
"SIN","GWh","mensal",1,4,44216.35
"SIN","GWh","mensal",1,5,43096.41
"SIN","GWh","mensal",1,6,40844.77
"SIN","GWh","mensal",1,7,42346.82
"SIN","GWh","mensal",1,8,43336.4
"SIN","GWh","mensal",1,9,43548.9
"SIN","GWh","mensal",1,10,46159.13
"SIN","GWh","mensal",1,11,44719.92
"SIN","GWh","mensal",1,12,46363.44
"SIN","GWh","mensal",1,1,46547.95
"SIN","GWh","mensal",1,2,46338.33
"SIN","GWh","mensal",1,3,48427.28
"SIN","GWh","mensal",1,4,46820.69
"SIN","GWh","mensal",1,5,44144.21
"SIN","GWh","mensal",1,6,42410.96
"SIN","GWh","mensal",1,7,43222.33
"SIN","GWh","mensal",1,8,44429.33
"SIN","GWh","mensal",1,9,0
"SIN","GWh","mensal",1,10,0
"SIN","GWh","mensal",1,11,0
"SIN","GWh","mensal",1,12,0
"SIN","Mwmed","anual",1996,NA,34575.6
"SIN","Mwmed","anual",1997,NA,36762.3
"SIN","Mwmed","anual",1998,NA,38148
"SIN","Mwmed","anual",1999,NA,39182.4
"SIN","Mwmed","anual",2000,NA,41002.8
"SIN","Mwmed","anual",2001,NA,37752
"SIN","Mwmed","anual",2002,NA,39659.1
"SIN","Mwmed","anual",2003,NA,41780.8
"SIN","Mwmed","anual",2004,NA,43732
"SIN","Mwmed","anual",2005,NA,45711.97
"SIN","Mwmed","anual",2006,NA,47477.73
"SIN","Mwmed","anual",2007,NA,49735.66
"SIN","Mwmed","anual",2008,NA,50997.7
"SIN","Mwmed","anual",2009,NA,50617.8
"SIN","Mwmed","anual",2010,NA,54252.49
"SIN","Mwmed","anual",2011,NA,56100.34
"SIN","Mwmed","anual",2012,NA,58455.92
"SIN","Mwmed","anual",2013,NA,60074.42
"SIN","Mwmed","anual",2014,NA,61746.48
"SIN","Mwmed","anual",2015,NA,61335.92
"SIN","Mwmed","anual",2016,NA,64657.52
"SIN","Mwmed","anual",2015,NA,61378.76
"SIN","Mwmed","anual",2016,NA,61864.62
"SIN","Mwmed","mensal",1,1,39762.15
"SIN","Mwmed","mensal",1,2,41179.9
"SIN","Mwmed","mensal",1,3,41007.9
"SIN","Mwmed","mensal",1,4,40635.1
"SIN","Mwmed","mensal",1,5,40719.6
"SIN","Mwmed","mensal",1,6,40562.2
"SIN","Mwmed","mensal",1,7,39971.7
"SIN","Mwmed","mensal",1,8,41085
"SIN","Mwmed","mensal",1,9,41100.9
"SIN","Mwmed","mensal",1,10,42561.8
"SIN","Mwmed","mensal",1,11,41867
"SIN","Mwmed","mensal",1,12,41580.8
"SIN","Mwmed","mensal",1,1,42454.28
"SIN","Mwmed","mensal",1,2,43751.3
"SIN","Mwmed","mensal",1,3,44261.54
"SIN","Mwmed","mensal",1,4,42887.42
"SIN","Mwmed","mensal",1,5,40285.94
"SIN","Mwmed","mensal",1,6,34012.82
"SIN","Mwmed","mensal",1,7,32932.43
"SIN","Mwmed","mensal",1,8,33800.7
"SIN","Mwmed","mensal",1,9,33884.36
"SIN","Mwmed","mensal",1,10,34560.82
"SIN","Mwmed","mensal",1,11,35269.21
"SIN","Mwmed","mensal",1,12,34923.53
"SIN","Mwmed","mensal",1,1,36484.35
"SIN","Mwmed","mensal",1,2,37688.94
"SIN","Mwmed","mensal",1,3,39952.83
"SIN","Mwmed","mensal",1,4,40746.37
"SIN","Mwmed","mensal",1,5,39153.1
"SIN","Mwmed","mensal",1,6,38880.43
"SIN","Mwmed","mensal",1,7,38670.2
"SIN","Mwmed","mensal",1,8,39823.75
"SIN","Mwmed","mensal",1,9,39563.1
"SIN","Mwmed","mensal",1,10,42290.2
"SIN","Mwmed","mensal",1,11,41672.42
"SIN","Mwmed","mensal",1,12,40984.1
"SIN","Mwmed","mensal",1,1,41491.06
"SIN","Mwmed","mensal",1,2,43513.9
"SIN","Mwmed","mensal",1,3,42019.77
"SIN","Mwmed","mensal",1,4,41808.18
"SIN","Mwmed","mensal",1,5,40722.78
"SIN","Mwmed","mensal",1,6,40499.18
"SIN","Mwmed","mensal",1,7,40499.27
"SIN","Mwmed","mensal",1,8,40565.67
"SIN","Mwmed","mensal",1,9,41833.86
"SIN","Mwmed","mensal",1,10,42763.35
"SIN","Mwmed","mensal",1,11,42935.96
"SIN","Mwmed","mensal",1,12,42711.6
"SIN","Mwmed","mensal",1,1,42323.96
"SIN","Mwmed","mensal",1,2,42982.25
"SIN","Mwmed","mensal",1,3,44282.03
"SIN","Mwmed","mensal",1,4,43878.86
"SIN","Mwmed","mensal",1,5,42724.83
"SIN","Mwmed","mensal",1,6,42630.17
"SIN","Mwmed","mensal",1,7,42758.32
"SIN","Mwmed","mensal",1,8,43528.27
"SIN","Mwmed","mensal",1,9,45137.15
"SIN","Mwmed","mensal",1,10,44462.27
"SIN","Mwmed","mensal",1,11,45172
"SIN","Mwmed","mensal",1,12,44903.6
"SIN","Mwmed","mensal",1,1,45325.56
"SIN","Mwmed","mensal",1,2,46020.55
"SIN","Mwmed","mensal",1,3,47320.37
"SIN","Mwmed","mensal",1,4,47087.92
"SIN","Mwmed","mensal",1,5,44830.34
"SIN","Mwmed","mensal",1,6,44835.34
"SIN","Mwmed","mensal",1,7,43777.36
"SIN","Mwmed","mensal",1,8,45491.73
"SIN","Mwmed","mensal",1,9,45409.43
"SIN","Mwmed","mensal",1,10,46413.75
"SIN","Mwmed","mensal",1,11,46050.04
"SIN","Mwmed","mensal",1,12,45988.53
"SIN","Mwmed","mensal",1,1,47696.29
"SIN","Mwmed","mensal",1,2,48736.72
"SIN","Mwmed","mensal",1,3,49346
"SIN","Mwmed","mensal",1,4,46633.72
"SIN","Mwmed","mensal",1,5,46027.61
"SIN","Mwmed","mensal",1,6,46061.23
"SIN","Mwmed","mensal",1,7,46187.47
"SIN","Mwmed","mensal",1,8,47688.15
"SIN","Mwmed","mensal",1,9,47010.67
"SIN","Mwmed","mensal",1,10,47646.29
"SIN","Mwmed","mensal",1,11,48301.7
"SIN","Mwmed","mensal",1,12,48396
"SIN","Mwmed","mensal",1,1,49180.67
"SIN","Mwmed","mensal",1,2,49904.45
"SIN","Mwmed","mensal",1,3,52004.94
"SIN","Mwmed","mensal",1,4,50138.48
"SIN","Mwmed","mensal",1,5,48393.65
"SIN","Mwmed","mensal",1,6,47791.86
"SIN","Mwmed","mensal",1,7,47946.62
"SIN","Mwmed","mensal",1,8,49185.8
"SIN","Mwmed","mensal",1,9,49857.61
"SIN","Mwmed","mensal",1,10,51272.09
"SIN","Mwmed","mensal",1,11,50589.45
"SIN","Mwmed","mensal",1,12,50562.7
"SIN","Mwmed","mensal",1,1,50887.71
"SIN","Mwmed","mensal",1,2,51550.84
"SIN","Mwmed","mensal",1,3,51925.06
"SIN","Mwmed","mensal",1,4,51877.89
"SIN","Mwmed","mensal",1,5,49955.85
"SIN","Mwmed","mensal",1,6,50361.37
"SIN","Mwmed","mensal",1,7,50494.35
"SIN","Mwmed","mensal",1,8,51625.17
"SIN","Mwmed","mensal",1,9,51731.48
"SIN","Mwmed","mensal",1,10,52864.38
"SIN","Mwmed","mensal",1,11,50826.2
"SIN","Mwmed","mensal",1,12,48082.15
"SIN","Mwmed","mensal",1,1,48800.72
"SIN","Mwmed","mensal",1,2,51124.31
"SIN","Mwmed","mensal",1,3,52570.57
"SIN","Mwmed","mensal",1,4,49630.78
"SIN","Mwmed","mensal",1,5,48657.56
"SIN","Mwmed","mensal",1,6,48063.42
"SIN","Mwmed","mensal",1,7,49105.07
"SIN","Mwmed","mensal",1,8,49609.61
"SIN","Mwmed","mensal",1,9,51424.83
"SIN","Mwmed","mensal",1,10,51724.64
"SIN","Mwmed","mensal",1,11,53988.49
"SIN","Mwmed","mensal",1,12,52713.57
"SIN","Mwmed","mensal",1,1,54167.69
"SIN","Mwmed","mensal",1,2,57027.59
"SIN","Mwmed","mensal",1,3,56842.01
"SIN","Mwmed","mensal",1,4,53515.09
"SIN","Mwmed","mensal",1,5,52687.89
"SIN","Mwmed","mensal",1,6,52174.3
"SIN","Mwmed","mensal",1,7,52652.16
"SIN","Mwmed","mensal",1,8,53073.94
"SIN","Mwmed","mensal",1,9,54569.15
"SIN","Mwmed","mensal",1,10,54016.51
"SIN","Mwmed","mensal",1,11,54724.19
"SIN","Mwmed","mensal",1,12,55579.36
"SIN","Mwmed","mensal",1,1,56415.64
"SIN","Mwmed","mensal",1,2,59061.38
"SIN","Mwmed","mensal",1,3,56818.14
"SIN","Mwmed","mensal",1,4,56020.7
"SIN","Mwmed","mensal",1,5,54246.79
"SIN","Mwmed","mensal",1,6,53462.62
"SIN","Mwmed","mensal",1,7,53903.16
"SIN","Mwmed","mensal",1,8,56278.6
"SIN","Mwmed","mensal",1,9,56354.44
"SIN","Mwmed","mensal",1,10,56316.29
"SIN","Mwmed","mensal",1,11,56784.61
"SIN","Mwmed","mensal",1,12,57542.61
"SIN","Mwmed","mensal",1,1,57989.31
"SIN","Mwmed","mensal",1,2,61446.37
"SIN","Mwmed","mensal",1,3,61853.21
"SIN","Mwmed","mensal",1,4,59325.15
"SIN","Mwmed","mensal",1,5,56815.9
"SIN","Mwmed","mensal",1,6,56042.92
"SIN","Mwmed","mensal",1,7,55576.79
"SIN","Mwmed","mensal",1,8,57020.24
"SIN","Mwmed","mensal",1,9,57791.99
"SIN","Mwmed","mensal",1,10,59399.37
"SIN","Mwmed","mensal",1,11,58022.5
"SIN","Mwmed","mensal",1,12,60244.4
"SIN","Mwmed","mensal",1,1,59866.5
"SIN","Mwmed","mensal",1,2,62547.61
"SIN","Mwmed","mensal",1,3,61558.21
"SIN","Mwmed","mensal",1,4,59876.8
"SIN","Mwmed","mensal",1,5,57818.43
"SIN","Mwmed","mensal",1,6,57345.89
"SIN","Mwmed","mensal",1,7,57949.74
"SIN","Mwmed","mensal",1,8,59523.41
"SIN","Mwmed","mensal",1,9,60294.02
"SIN","Mwmed","mensal",1,10,61217.57
"SIN","Mwmed","mensal",1,11,61517.38
"SIN","Mwmed","mensal",1,12,61377.47
"SIN","Mwmed","mensal",1,1,66246.36
"SIN","Mwmed","mensal",1,2,68502.95
"SIN","Mwmed","mensal",1,3,64565.84
"SIN","Mwmed","mensal",1,4,62305.21
"SIN","Mwmed","mensal",1,5,59688.54
"SIN","Mwmed","mensal",1,6,57856.97
"SIN","Mwmed","mensal",1,7,58120.07
"SIN","Mwmed","mensal",1,8,58475.97
"SIN","Mwmed","mensal",1,9,60623.95
"SIN","Mwmed","mensal",1,10,62058.6
"SIN","Mwmed","mensal",1,11,61694.47
"SIN","Mwmed","mensal",1,12,61318.74
"SIN","Mwmed","mensal",1,1,67162.29
"SIN","Mwmed","mensal",1,2,65912.69
"SIN","Mwmed","mensal",1,3,64976.52
"SIN","Mwmed","mensal",1,4,61411.6
"SIN","Mwmed","mensal",1,5,57925.28
"SIN","Mwmed","mensal",1,6,56728.85
"SIN","Mwmed","mensal",1,7,56917.77
"SIN","Mwmed","mensal",1,8,58247.85
"SIN","Mwmed","mensal",1,9,60484.59
"SIN","Mwmed","mensal",1,10,62125.35
"SIN","Mwmed","mensal",1,11,62111.01
"SIN","Mwmed","mensal",1,12,62316.45
"SIN","Mwmed","mensal",1,1,62564.45
"SIN","Mwmed","mensal",1,2,66482.53
"SIN","Mwmed","mensal",1,3,65090.43
"SIN","Mwmed","mensal",1,4,65028.73
"SIN","Mwmed","mensal",1,5,59333.62
"SIN","Mwmed","mensal",1,6,58904.12
"SIN","Mwmed","mensal",1,7,58094.53
"SIN","Mwmed","mensal",1,8,59716.84
"SIN","Mwmed","mensal",1,9,0
"SIN","Mwmed","mensal",1,10,0
"SIN","Mwmed","mensal",1,11,0
"SIN","Mwmed","mensal",1,12,0
"SUL","GWh","anual",1996,NA,47571.3
"SUL","GWh","anual",1997,NA,50901.4
"SUL","GWh","anual",1998,NA,52337.9
"SUL","GWh","anual",1999,NA,55611.1
"SUL","GWh","anual",2000,NA,59634.9
"SUL","GWh","anual",2001,NA,60660.2
"SUL","GWh","anual",2002,NA,58625
"SUL","GWh","anual",2003,NA,59904.6
"SUL","GWh","anual",2004,NA,63564.7
"SUL","GWh","anual",2005,NA,66199.94
"SUL","GWh","anual",2006,NA,68774
"SUL","GWh","anual",2007,NA,71544.44
"SUL","GWh","anual",2008,NA,74021.25
"SUL","GWh","anual",2009,NA,73765.48
"SUL","GWh","anual",2010,NA,77203.91
"SUL","GWh","anual",2011,NA,81832.44
"SUL","GWh","anual",2012,NA,87591.07
"SUL","GWh","anual",2013,NA,89714.42
"SUL","GWh","anual",2014,NA,92361.31
"SUL","GWh","anual",2015,NA,90651.01
"SUL","GWh","anual",2016,NA,24679.06
"SUL","GWh","anual",2015,NA,90642.38
"SUL","GWh","anual",2016,NA,62839.93
"SUL","GWh","mensal",1,1,5036.56
"SUL","GWh","mensal",1,2,4871.79
"SUL","GWh","mensal",1,3,5145.07
"SUL","GWh","mensal",1,4,4874.46
"SUL","GWh","mensal",1,5,4976.24
"SUL","GWh","mensal",1,6,4856.44
"SUL","GWh","mensal",1,7,4928.95
"SUL","GWh","mensal",1,8,5028.99
"SUL","GWh","mensal",1,9,4763.44
"SUL","GWh","mensal",1,10,5051.52
"SUL","GWh","mensal",1,11,4936.98
"SUL","GWh","mensal",1,12,5159.06
"SUL","GWh","mensal",1,1,5389.73
"SUL","GWh","mensal",1,2,5049.77
"SUL","GWh","mensal",1,3,5783.36
"SUL","GWh","mensal",1,4,5180.1
"SUL","GWh","mensal",1,5,5067.08
"SUL","GWh","mensal",1,6,4689.58
"SUL","GWh","mensal",1,7,4833
"SUL","GWh","mensal",1,8,5031.85
"SUL","GWh","mensal",1,9,4711.59
"SUL","GWh","mensal",1,10,5010.71
"SUL","GWh","mensal",1,11,4943.66
"SUL","GWh","mensal",1,12,4969.72
"SUL","GWh","mensal",1,1,4978.26
"SUL","GWh","mensal",1,2,4585.45
"SUL","GWh","mensal",1,3,5304.47
"SUL","GWh","mensal",1,4,4971.65
"SUL","GWh","mensal",1,5,4895.01
"SUL","GWh","mensal",1,6,4699.74
"SUL","GWh","mensal",1,7,4837.67
"SUL","GWh","mensal",1,8,4886.17
"SUL","GWh","mensal",1,9,4604.04
"SUL","GWh","mensal",1,10,5056.89
"SUL","GWh","mensal",1,11,4858.07
"SUL","GWh","mensal",1,12,4947.61
"SUL","GWh","mensal",1,1,5230.31
"SUL","GWh","mensal",1,2,4953.89
"SUL","GWh","mensal",1,3,5267.84
"SUL","GWh","mensal",1,4,4898.92
"SUL","GWh","mensal",1,5,4908.46
"SUL","GWh","mensal",1,6,4731.98
"SUL","GWh","mensal",1,7,4952.73
"SUL","GWh","mensal",1,8,4885.71
"SUL","GWh","mensal",1,9,4876.58
"SUL","GWh","mensal",1,10,5114.69
"SUL","GWh","mensal",1,11,5000.96
"SUL","GWh","mensal",1,12,5082.49
"SUL","GWh","mensal",1,1,5361.2
"SUL","GWh","mensal",1,2,5153.85
"SUL","GWh","mensal",1,3,5683.42
"SUL","GWh","mensal",1,4,5343.12
"SUL","GWh","mensal",1,5,5178.78
"SUL","GWh","mensal",1,6,5078.1
"SUL","GWh","mensal",1,7,5261.11
"SUL","GWh","mensal",1,8,5291.47
"SUL","GWh","mensal",1,9,5205.46
"SUL","GWh","mensal",1,10,5251.41
"SUL","GWh","mensal",1,11,5212.96
"SUL","GWh","mensal",1,12,5543.81
"SUL","GWh","mensal",1,1,5812.81
"SUL","GWh","mensal",1,2,5410.07
"SUL","GWh","mensal",1,3,6082.34
"SUL","GWh","mensal",1,4,5545.58
"SUL","GWh","mensal",1,5,5441.65
"SUL","GWh","mensal",1,6,5325.23
"SUL","GWh","mensal",1,7,5300.43
"SUL","GWh","mensal",1,8,5421.4
"SUL","GWh","mensal",1,9,5183.66
"SUL","GWh","mensal",1,10,5445.97
"SUL","GWh","mensal",1,11,5484.04
"SUL","GWh","mensal",1,12,5747.24
"SUL","GWh","mensal",1,1,6034.5
"SUL","GWh","mensal",1,2,5572.69
"SUL","GWh","mensal",1,3,6257.25
"SUL","GWh","mensal",1,4,5514.22
"SUL","GWh","mensal",1,5,5701.67
"SUL","GWh","mensal",1,6,5531.05
"SUL","GWh","mensal",1,7,5663.64
"SUL","GWh","mensal",1,8,5759.5
"SUL","GWh","mensal",1,9,5396.62
"SUL","GWh","mensal",1,10,5775.66
"SUL","GWh","mensal",1,11,5628.45
"SUL","GWh","mensal",1,12,5939.23
"SUL","GWh","mensal",1,1,6212.35
"SUL","GWh","mensal",1,2,5740.25
"SUL","GWh","mensal",1,3,6523.22
"SUL","GWh","mensal",1,4,5887.67
"SUL","GWh","mensal",1,5,5892.01
"SUL","GWh","mensal",1,6,5643.37
"SUL","GWh","mensal",1,7,5885.46
"SUL","GWh","mensal",1,8,5978.33
"SUL","GWh","mensal",1,9,5680.57
"SUL","GWh","mensal",1,10,6056.22
"SUL","GWh","mensal",1,11,5830.5
"SUL","GWh","mensal",1,12,6214.78
"SUL","GWh","mensal",1,1,6513.36
"SUL","GWh","mensal",1,2,6275.83
"SUL","GWh","mensal",1,3,6524.56
"SUL","GWh","mensal",1,4,6146.83
"SUL","GWh","mensal",1,5,5958.41
"SUL","GWh","mensal",1,6,5960.52
"SUL","GWh","mensal",1,7,6230.11
"SUL","GWh","mensal",1,8,6130.21
"SUL","GWh","mensal",1,9,5932.5
"SUL","GWh","mensal",1,10,6198.04
"SUL","GWh","mensal",1,11,6013.99
"SUL","GWh","mensal",1,12,6136.89
"SUL","GWh","mensal",1,1,6208.6
"SUL","GWh","mensal",1,2,6012.21
"SUL","GWh","mensal",1,3,6767.04
"SUL","GWh","mensal",1,4,6147.13
"SUL","GWh","mensal",1,5,6100.35
"SUL","GWh","mensal",1,6,5948.82
"SUL","GWh","mensal",1,7,6100.48
"SUL","GWh","mensal",1,8,5940.47
"SUL","GWh","mensal",1,9,5793.34
"SUL","GWh","mensal",1,10,6081.28
"SUL","GWh","mensal",1,11,6281.31
"SUL","GWh","mensal",1,12,6384.46
"SUL","GWh","mensal",1,1,6616.19
"SUL","GWh","mensal",1,2,6478.53
"SUL","GWh","mensal",1,3,7031.1
"SUL","GWh","mensal",1,4,6207.75
"SUL","GWh","mensal",1,5,6128.27
"SUL","GWh","mensal",1,6,6096.27
"SUL","GWh","mensal",1,7,6389.09
"SUL","GWh","mensal",1,8,6394.61
"SUL","GWh","mensal",1,9,6189.11
"SUL","GWh","mensal",1,10,6344.87
"SUL","GWh","mensal",1,11,6531.54
"SUL","GWh","mensal",1,12,6796.58
"SUL","GWh","mensal",1,1,7275.78
"SUL","GWh","mensal",1,2,6709.2
"SUL","GWh","mensal",1,3,7162.38
"SUL","GWh","mensal",1,4,6419.87
"SUL","GWh","mensal",1,5,6582.5
"SUL","GWh","mensal",1,6,6401.98
"SUL","GWh","mensal",1,7,6694.27
"SUL","GWh","mensal",1,8,6922.47
"SUL","GWh","mensal",1,9,6562.8
"SUL","GWh","mensal",1,10,6887.98
"SUL","GWh","mensal",1,11,6905.97
"SUL","GWh","mensal",1,12,7307.64
"SUL","GWh","mensal",1,1,7568.35
"SUL","GWh","mensal",1,2,7662.14
"SUL","GWh","mensal",1,3,7915.01
"SUL","GWh","mensal",1,4,7002.91
"SUL","GWh","mensal",1,5,7217.45
"SUL","GWh","mensal",1,6,6875.36
"SUL","GWh","mensal",1,7,7053.59
"SUL","GWh","mensal",1,8,7229.92
"SUL","GWh","mensal",1,9,6797.47
"SUL","GWh","mensal",1,10,7210.98
"SUL","GWh","mensal",1,11,7422.43
"SUL","GWh","mensal",1,12,7640.22
"SUL","GWh","mensal",1,1,7808.14
"SUL","GWh","mensal",1,2,7373.66
"SUL","GWh","mensal",1,3,7555.59
"SUL","GWh","mensal",1,4,7313.72
"SUL","GWh","mensal",1,5,7272.7
"SUL","GWh","mensal",1,6,7091.32
"SUL","GWh","mensal",1,7,7554.44
"SUL","GWh","mensal",1,8,7467.17
"SUL","GWh","mensal",1,9,7107.35
"SUL","GWh","mensal",1,10,7560.6
"SUL","GWh","mensal",1,11,7573.04
"SUL","GWh","mensal",1,12,8036.68
"SUL","GWh","mensal",1,1,8731.26
"SUL","GWh","mensal",1,2,8301.43
"SUL","GWh","mensal",1,3,8040.53
"SUL","GWh","mensal",1,4,7441.81
"SUL","GWh","mensal",1,5,7404.33
"SUL","GWh","mensal",1,6,7071.88
"SUL","GWh","mensal",1,7,7449.91
"SUL","GWh","mensal",1,8,7319.15
"SUL","GWh","mensal",1,9,7128.1
"SUL","GWh","mensal",1,10,7776.25
"SUL","GWh","mensal",1,11,7732.9
"SUL","GWh","mensal",1,12,7963.76
"SUL","GWh","mensal",1,1,8623.29
"SUL","GWh","mensal",1,2,7872.92
"SUL","GWh","mensal",1,3,8591.5
"SUL","GWh","mensal",1,4,7390.47
"SUL","GWh","mensal",1,5,7192.88
"SUL","GWh","mensal",1,6,6905.43
"SUL","GWh","mensal",1,7,7295.01
"SUL","GWh","mensal",1,8,7369.7
"SUL","GWh","mensal",1,9,7070.79
"SUL","GWh","mensal",1,10,7469.24
"SUL","GWh","mensal",1,11,7270.54
"SUL","GWh","mensal",1,12,7599.25
"SUL","GWh","mensal",1,1,8369.47
"SUL","GWh","mensal",1,2,8196.77
"SUL","GWh","mensal",1,3,8124.56
"SUL","GWh","mensal",1,4,8047.47
"SUL","GWh","mensal",1,5,7394.4
"SUL","GWh","mensal",1,6,7610.06
"SUL","GWh","mensal",1,7,7495.82
"SUL","GWh","mensal",1,8,7601.38
"SUL","GWh","mensal",1,9,0
"SUL","GWh","mensal",1,10,0
"SUL","GWh","mensal",1,11,0
"SUL","GWh","mensal",1,12,0
"SUL","Mwmed","anual",1996,NA,5415.7
"SUL","Mwmed","anual",1997,NA,5810.7
"SUL","Mwmed","anual",1998,NA,5974.6
"SUL","Mwmed","anual",1999,NA,6348.3
"SUL","Mwmed","anual",2000,NA,6789
"SUL","Mwmed","anual",2001,NA,6927.7
"SUL","Mwmed","anual",2002,NA,6692.8
"SUL","Mwmed","anual",2003,NA,6841.9
"SUL","Mwmed","anual",2004,NA,7237.3
"SUL","Mwmed","anual",2005,NA,7560
"SUL","Mwmed","anual",2006,NA,7852.52
"SUL","Mwmed","anual",2007,NA,8168.26
"SUL","Mwmed","anual",2008,NA,8428.74
"SUL","Mwmed","anual",2009,NA,8424.47
"SUL","Mwmed","anual",2010,NA,8818.33
"SUL","Mwmed","anual",2011,NA,9344.3
"SUL","Mwmed","anual",2012,NA,9975.84
"SUL","Mwmed","anual",2013,NA,10244.38
"SUL","Mwmed","anual",2014,NA,10543.53
"SUL","Mwmed","anual",2015,NA,10348.29
"SUL","Mwmed","anual",2016,NA,11294.76
"SUL","Mwmed","anual",2015,NA,10347.3
"SUL","Mwmed","anual",2016,NA,10729.03
"SUL","Mwmed","mensal",1,1,6769.57
"SUL","Mwmed","mensal",1,2,6989.65
"SUL","Mwmed","mensal",1,3,6915.42
"SUL","Mwmed","mensal",1,4,6770.09
"SUL","Mwmed","mensal",1,5,6688.5
"SUL","Mwmed","mensal",1,6,6745.06
"SUL","Mwmed","mensal",1,7,6624.93
"SUL","Mwmed","mensal",1,8,6759.39
"SUL","Mwmed","mensal",1,9,6615.89
"SUL","Mwmed","mensal",1,10,6798.82
"SUL","Mwmed","mensal",1,11,6856.92
"SUL","Mwmed","mensal",1,12,6934.22
"SUL","Mwmed","mensal",1,1,7244.26
"SUL","Mwmed","mensal",1,2,7503.38
"SUL","Mwmed","mensal",1,3,7773.33
"SUL","Mwmed","mensal",1,4,7194.58
"SUL","Mwmed","mensal",1,5,6810.59
"SUL","Mwmed","mensal",1,6,6513.31
"SUL","Mwmed","mensal",1,7,6495.97
"SUL","Mwmed","mensal",1,8,6763.24
"SUL","Mwmed","mensal",1,9,6543.87
"SUL","Mwmed","mensal",1,10,6743.89
"SUL","Mwmed","mensal",1,11,6866.2
"SUL","Mwmed","mensal",1,12,6679.73
"SUL","Mwmed","mensal",1,1,6691.21
"SUL","Mwmed","mensal",1,2,6813.45
"SUL","Mwmed","mensal",1,3,7129.67
"SUL","Mwmed","mensal",1,4,6905.07
"SUL","Mwmed","mensal",1,5,6579.32
"SUL","Mwmed","mensal",1,6,6527.42
"SUL","Mwmed","mensal",1,7,6502.24
"SUL","Mwmed","mensal",1,8,6567.43
"SUL","Mwmed","mensal",1,9,6394.5
"SUL","Mwmed","mensal",1,10,6806.04
"SUL","Mwmed","mensal",1,11,6747.32
"SUL","Mwmed","mensal",1,12,6650.01
"SUL","Mwmed","mensal",1,1,7029.98
"SUL","Mwmed","mensal",1,2,7360.91
"SUL","Mwmed","mensal",1,3,7080.43
"SUL","Mwmed","mensal",1,4,6804.05
"SUL","Mwmed","mensal",1,5,6597.39
"SUL","Mwmed","mensal",1,6,6572.2
"SUL","Mwmed","mensal",1,7,6656.9
"SUL","Mwmed","mensal",1,8,6566.82
"SUL","Mwmed","mensal",1,9,6773.03
"SUL","Mwmed","mensal",1,10,6883.84
"SUL","Mwmed","mensal",1,11,6945.78
"SUL","Mwmed","mensal",1,12,6831.3
"SUL","Mwmed","mensal",1,1,7205.92
"SUL","Mwmed","mensal",1,2,7394.34
"SUL","Mwmed","mensal",1,3,7639
"SUL","Mwmed","mensal",1,4,7421
"SUL","Mwmed","mensal",1,5,6960.73
"SUL","Mwmed","mensal",1,6,7052.92
"SUL","Mwmed","mensal",1,7,7071.39
"SUL","Mwmed","mensal",1,8,7112.19
"SUL","Mwmed","mensal",1,9,7229.8
"SUL","Mwmed","mensal",1,10,7058.35
"SUL","Mwmed","mensal",1,11,7250.29
"SUL","Mwmed","mensal",1,12,7451.36
"SUL","Mwmed","mensal",1,1,7812.91
"SUL","Mwmed","mensal",1,2,8038.74
"SUL","Mwmed","mensal",1,3,8175.19
"SUL","Mwmed","mensal",1,4,7702.2
"SUL","Mwmed","mensal",1,5,7314.05
"SUL","Mwmed","mensal",1,6,7396.15
"SUL","Mwmed","mensal",1,7,7124.24
"SUL","Mwmed","mensal",1,8,7286.83
"SUL","Mwmed","mensal",1,9,7199.53
"SUL","Mwmed","mensal",1,10,7329.7
"SUL","Mwmed","mensal",1,11,7616.72
"SUL","Mwmed","mensal",1,12,7724.79
"SUL","Mwmed","mensal",1,1,8110.89
"SUL","Mwmed","mensal",1,2,8280.37
"SUL","Mwmed","mensal",1,3,8410.28
"SUL","Mwmed","mensal",1,4,7658.64
"SUL","Mwmed","mensal",1,5,7663.54
"SUL","Mwmed","mensal",1,6,7682.02
"SUL","Mwmed","mensal",1,7,7612.42
"SUL","Mwmed","mensal",1,8,7741.26
"SUL","Mwmed","mensal",1,9,7495.31
"SUL","Mwmed","mensal",1,10,7762.98
"SUL","Mwmed","mensal",1,11,7828.17
"SUL","Mwmed","mensal",1,12,7982.84
"SUL","Mwmed","mensal",1,1,8349.93
"SUL","Mwmed","mensal",1,2,8529.34
"SUL","Mwmed","mensal",1,3,8767.77
"SUL","Mwmed","mensal",1,4,8177.32
"SUL","Mwmed","mensal",1,5,7919.37
"SUL","Mwmed","mensal",1,6,7838.01
"SUL","Mwmed","mensal",1,7,7910.57
"SUL","Mwmed","mensal",1,8,8035.39
"SUL","Mwmed","mensal",1,9,7889.68
"SUL","Mwmed","mensal",1,10,8151.03
"SUL","Mwmed","mensal",1,11,8097.92
"SUL","Mwmed","mensal",1,12,8353.2
"SUL","Mwmed","mensal",1,1,8754.52
"SUL","Mwmed","mensal",1,2,9004.06
"SUL","Mwmed","mensal",1,3,8769.57
"SUL","Mwmed","mensal",1,4,8537.26
"SUL","Mwmed","mensal",1,5,8008.61
"SUL","Mwmed","mensal",1,6,8278.5
"SUL","Mwmed","mensal",1,7,8373.81
"SUL","Mwmed","mensal",1,8,8239.53
"SUL","Mwmed","mensal",1,9,8239.58
"SUL","Mwmed","mensal",1,10,8341.91
"SUL","Mwmed","mensal",1,11,8352.76
"SUL","Mwmed","mensal",1,12,8248.51
"SUL","Mwmed","mensal",1,1,8344.89
"SUL","Mwmed","mensal",1,2,8933.44
"SUL","Mwmed","mensal",1,3,9095.49
"SUL","Mwmed","mensal",1,4,8537.68
"SUL","Mwmed","mensal",1,5,8199.39
"SUL","Mwmed","mensal",1,6,8262.25
"SUL","Mwmed","mensal",1,7,8199.57
"SUL","Mwmed","mensal",1,8,7984.5
"SUL","Mwmed","mensal",1,9,8046.3
"SUL","Mwmed","mensal",1,10,8184.76
"SUL","Mwmed","mensal",1,11,8724.04
"SUL","Mwmed","mensal",1,12,8581.27
"SUL","Mwmed","mensal",1,1,8892.73
"SUL","Mwmed","mensal",1,2,9626.35
"SUL","Mwmed","mensal",1,3,9450.4
"SUL","Mwmed","mensal",1,4,8621.87
"SUL","Mwmed","mensal",1,5,8236.92
"SUL","Mwmed","mensal",1,6,8467.04
"SUL","Mwmed","mensal",1,7,8587.49
"SUL","Mwmed","mensal",1,8,8594.9
"SUL","Mwmed","mensal",1,9,8595.99
"SUL","Mwmed","mensal",1,10,8539.53
"SUL","Mwmed","mensal",1,11,9071.59
"SUL","Mwmed","mensal",1,12,9135.19
"SUL","Mwmed","mensal",1,1,9779.28
"SUL","Mwmed","mensal",1,2,9969.09
"SUL","Mwmed","mensal",1,3,9626.85
"SUL","Mwmed","mensal",1,4,8916.48
"SUL","Mwmed","mensal",1,5,8847.45
"SUL","Mwmed","mensal",1,6,8891.64
"SUL","Mwmed","mensal",1,7,8997.68
"SUL","Mwmed","mensal",1,8,9304.4
"SUL","Mwmed","mensal",1,9,9115
"SUL","Mwmed","mensal",1,10,9270.5
"SUL","Mwmed","mensal",1,11,9591.62
"SUL","Mwmed","mensal",1,12,9822.1
"SUL","Mwmed","mensal",1,1,10172.51
"SUL","Mwmed","mensal",1,2,10993.03
"SUL","Mwmed","mensal",1,3,10638.46
"SUL","Mwmed","mensal",1,4,9726.26
"SUL","Mwmed","mensal",1,5,9700.88
"SUL","Mwmed","mensal",1,6,9549.11
"SUL","Mwmed","mensal",1,7,9480.63
"SUL","Mwmed","mensal",1,8,9717.63
"SUL","Mwmed","mensal",1,9,9440.93
"SUL","Mwmed","mensal",1,10,9705.22
"SUL","Mwmed","mensal",1,11,10308.93
"SUL","Mwmed","mensal",1,12,10282.94
"SUL","Mwmed","mensal",1,1,10494.81
"SUL","Mwmed","mensal",1,2,10956.41
"SUL","Mwmed","mensal",1,3,10155.36
"SUL","Mwmed","mensal",1,4,10157.95
"SUL","Mwmed","mensal",1,5,9775.14
"SUL","Mwmed","mensal",1,6,9849.05
"SUL","Mwmed","mensal",1,7,10153.81
"SUL","Mwmed","mensal",1,8,10036.53
"SUL","Mwmed","mensal",1,9,9871.32
"SUL","Mwmed","mensal",1,10,10162.1
"SUL","Mwmed","mensal",1,11,10518.11
"SUL","Mwmed","mensal",1,12,10801.99
"SUL","Mwmed","mensal",1,1,11735.56
"SUL","Mwmed","mensal",1,2,12334.97
"SUL","Mwmed","mensal",1,3,10807.16
"SUL","Mwmed","mensal",1,4,10335.85
"SUL","Mwmed","mensal",1,5,9952.06
"SUL","Mwmed","mensal",1,6,9822.06
"SUL","Mwmed","mensal",1,7,10013.32
"SUL","Mwmed","mensal",1,8,9837.56
"SUL","Mwmed","mensal",1,9,9900.14
"SUL","Mwmed","mensal",1,10,10466.02
"SUL","Mwmed","mensal",1,11,10740.13
"SUL","Mwmed","mensal",1,12,10703.97
"SUL","Mwmed","mensal",1,1,11590.45
"SUL","Mwmed","mensal",1,2,11698.25
"SUL","Mwmed","mensal",1,3,11547.71
"SUL","Mwmed","mensal",1,4,10264.54
"SUL","Mwmed","mensal",1,5,9667.84
"SUL","Mwmed","mensal",1,6,9590.87
"SUL","Mwmed","mensal",1,7,9805.12
"SUL","Mwmed","mensal",1,8,9905.51
"SUL","Mwmed","mensal",1,9,9820.54
"SUL","Mwmed","mensal",1,10,10052.82
"SUL","Mwmed","mensal",1,11,10097.98
"SUL","Mwmed","mensal",1,12,10214.04
"SUL","Mwmed","mensal",1,1,11249.29
"SUL","Mwmed","mensal",1,2,11760.08
"SUL","Mwmed","mensal",1,3,10920.11
"SUL","Mwmed","mensal",1,4,11177.04
"SUL","Mwmed","mensal",1,5,9938.71
"SUL","Mwmed","mensal",1,6,10569.52
"SUL","Mwmed","mensal",1,7,10075.03
"SUL","Mwmed","mensal",1,8,10216.9
"SUL","Mwmed","mensal",1,9,0
"SUL","Mwmed","mensal",1,10,0
"SUL","Mwmed","mensal",1,11,0
"SUL","Mwmed","mensal",1,12,0
